machine_type,shift,maintenance_done_recently,runtime_hours,production_units,avg_load_pct,temperature_c,vibration_mm_s,idle_minutes,days_since_maintenance,energy_kwh
Compressor,Afternoon,No,17.27,1254,81.5,88.3,2.59,43.9,75,379.3
CNC,Afternoon,No,6.46,1008,84.8,67.9,0.99,11.1,119,293.3
CNC,Afternoon,No,12.35,653,75.9,75.4,1.84,29.3,72,238.8
CNC,Afternoon,Yes,14.45,1121,41.3,69.3,2.6,40.5,57,225.0
CNC,Afternoon,No,11.88,714,72.3,79.2,8.53,32.7,91,278.8
Conveyor,Night,No,17.93,354,56.9,68.9,0.92,28.8,28,264.2
Conveyor,Morning,No,1.35,446,51.5,42.9,1.04,45.0,6,184.2
CNC,Afternoon,Yes,6.81,667,92.5,93.7,2.09,86.0,87,271.0
Conveyor,Afternoon,No,23.13,651,45.8,38.7,2.87,46.1,89,264.0
Conveyor,Night,No,1.94,842,28.3,57.0,4.14,26.7,12,160.8
Pump,Afternoon,No,9.69,883,83.8,48.6,0.77,58.0,109,269.3
CNC,Afternoon,No,4.61,1186,90.0,75.4,1.02,47.9,38,235.3
Conveyor,Afternoon,Yes,16.96,742,64.0,35.5,1.58,7.3,33,214.1
CNC,Night,Yes,18.99,702,62.9,64.8,4.81,56.0,114,302.5
Compressor,Afternoon,Yes,6.42,962,100.0,74.0,0.34,37.4,72,276.5
Compressor,Afternoon,No,17.79,1144,99.4,77.5,1.59,23.7,80,375.7
Conveyor,Morning,No,3.08,673,31.4,39.9,1.16,30.9,60,179.1
CNC,Night,No,1.1,798,63.0,69.4,1.29,23.4,37,237.2
Compressor,Afternoon,No,5.62,877,78.2,106.1,2.25,36.6,102,275.6
Pump,Morning,Yes,11.54,471,43.4,43.5,1.44,73.8,63,196.7
CNC,Morning,No,16.2,971,89.0,57.4,1.78,15.6,52,284.2
CNC,Morning,No,11.11,1025,97.0,68.5,2.93,46.9,19,279.3
Pump,Afternoon,Yes,4.04,1033,46.5,67.0,3.66,76.5,42,243.0
Compressor,Morning,No,1.65,949,100.0,72.7,5.19,41.6,114,336.0
CNC,Morning,No,16.99,879,80.1,61.5,1.89,24.6,45,296.4
CNC,Night,No,9.29,724,56.6,65.4,0.49,26.2,49,192.0
Pump,Morning,Yes,10.66,706,42.0,41.7,5.94,22.3,119,264.1
Compressor,Morning,No,6.74,1322,70.2,101.1,1.26,62.0,65,311.9
Conveyor,Night,No,15.55,663,31.4,52.0,1.11,37.6,37,215.4
Compressor,Morning,No,5.89,1234,62.4,75.4,3.29,36.6,85,257.6
Conveyor,Morning,No,13.5,637,47.7,41.8,0.8,14.3,4,184.7
Conveyor,Afternoon,No,17.35,558,45.3,46.5,3.18,66.5,5,246.4
CNC,Afternoon,No,6.27,1071,77.8,80.5,1.23,38.6,61,274.2
Conveyor,Morning,Yes,13.09,503,62.8,40.6,0.24,54.7,99,235.6
Compressor,Morning,No,16.14,1313,78.3,96.4,8.5,55.1,25,384.8
CNC,Night,No,19.44,829,61.1,65.3,3.69,66.1,70,295.1
Compressor,Afternoon,No,21.89,1162,86.5,91.2,3.26,65.7,17,399.4
Conveyor,Morning,No,14.62,488,58.3,35.5,1.33,67.8,114,252.5
Pump,Morning,No,13.93,490,50.4,37.2,2.02,54.8,71,233.6
Pump,Night,No,19.06,860,59.3,64.6,9.52,50.0,109,267.3
CNC,Night,No,6.32,1303,52.5,67.8,2.36,40.5,39,268.3
Compressor,Afternoon,No,11.72,1655,69.7,67.7,1.55,57.9,101,355.0
CNC,Morning,No,7.27,1401,75.0,62.1,1.34,36.0,65,241.5
Compressor,Morning,No,6.29,1251,79.8,69.6,3.98,28.4,27,291.9
CNC,Morning,No,18.04,1027,59.4,70.1,3.46,48.2,38,297.3
Pump,Night,No,1.62,593,37.6,61.7,1.99,58.4,11,202.0
CNC,Night,No,11.75,1021,42.5,65.3,1.22,66.5,91,287.3
CNC,Morning,No,14.25,1008,71.4,64.5,1.82,48.2,53,221.2
Pump,Afternoon,No,15.79,650,53.7,57.8,4.66,71.1,44,249.0
Pump,Morning,Yes,20.15,1054,52.5,58.7,2.11,44.0,87,244.3
CNC,Morning,No,19.36,997,84.1,57.7,2.07,37.5,104,323.1
CNC,Morning,No,5.21,849,75.0,60.8,4.02,7.6,61,246.4
CNC,Afternoon,No,7.41,604,86.1,66.1,1.66,30.8,74,285.3
Pump,Night,No,18.89,1172,46.1,56.8,0.58,59.8,79,279.9
Compressor,Morning,No,23.83,1296,100.0,83.9,5.86,63.5,119,417.0
Pump,Afternoon,No,5.66,836,68.4,57.3,2.59,52.4,24,267.4
Conveyor,Afternoon,Yes,23.65,551,38.4,56.5,0.53,81.1,102,252.4
Compressor,Afternoon,No,4.89,1215,95.1,69.5,0.55,70.2,90,319.5
CNC,Morning,No,12.74,963,84.1,54.7,1.78,40.1,6,313.3
Conveyor,Morning,No,3.81,658,41.6,44.8,4.8,31.7,69,190.2
Pump,Afternoon,Yes,18.38,537,47.1,47.7,3.4,2.7,113,219.4
Compressor,Morning,No,5.67,1082,100.0,91.6,0.57,63.2,43,318.1
Compressor,Afternoon,Yes,9.93,1196,81.9,69.1,0.78,0.0,29,321.4
Pump,Afternoon,No,5.89,751,61.9,58.0,2.45,68.6,54,212.0
Pump,Afternoon,No,5.52,624,55.7,44.8,3.15,73.5,77,241.0
CNC,Afternoon,Yes,3.21,626,28.8,70.2,7.22,66.8,51,228.4
Pump,Morning,No,3.13,952,51.3,37.1,3.95,60.2,58,236.8
Compressor,Night,No,23.4,1468,82.9,112.6,8.1,33.3,12,459.8
Conveyor,Afternoon,No,19.55,704,44.1,48.7,1.34,14.5,23,211.5
Pump,Morning,No,16.09,753,57.6,54.3,2.43,72.3,26,208.7
Pump,Morning,Yes,13.89,688,47.2,64.6,1.28,47.9,3,250.0
Pump,Morning,Yes,4.92,585,80.1,44.2,1.8,44.3,104,237.6
Pump,Afternoon,Yes,4.2,631,52.7,47.4,1.68,56.0,12,180.4
Compressor,Afternoon,No,20.61,1201,100.0,100.6,2.54,54.1,112,376.7
CNC,Afternoon,No,20.38,953,100.0,84.7,3.89,39.3,31,369.7
Pump,Night,No,7.23,722,74.9,52.4,1.53,48.5,117,287.9
Compressor,Night,No,8.23,957,81.6,73.8,0.74,34.5,99,280.0
Compressor,Morning,No,3.45,881,100.0,89.4,4.27,29.8,84,283.3
Pump,Morning,No,4.6,784,51.8,58.5,0.77,33.3,64,167.6
Pump,Night,Yes,14.24,584,78.1,46.9,2.8,61.8,109,248.9
CNC,Night,No,5.54,1167,86.6,80.4,0.86,67.9,37,341.2
Compressor,Morning,Yes,4.84,1280,89.9,75.9,1.45,42.9,32,303.8
CNC,Afternoon,Yes,16.49,1342,77.7,59.4,1.25,20.7,60,248.4
Pump,Morning,No,20.35,835,48.9,59.3,1.59,54.0,27,233.9
Pump,Night,Yes,6.14,870,54.4,62.0,1.69,45.3,112,243.4
Conveyor,Morning,No,9.24,673,63.5,45.4,1.92,48.6,59,208.9
Conveyor,Morning,No,17.18,669,55.3,42.4,0.34,113.2,35,210.3
Pump,Morning,Yes,6.58,874,88.4,50.4,3.59,75.9,112,295.7
Conveyor,Morning,No,8.59,619,50.3,40.9,1.58,43.3,27,170.8
Pump,Night,No,2.85,1071,83.0,74.3,1.53,55.0,102,255.7
Conveyor,Morning,No,13.53,711,32.4,45.9,1.15,57.2,39,226.2
Compressor,Afternoon,No,22.85,1215,89.1,93.1,3.37,50.0,112,385.3
Compressor,Afternoon,No,11.34,597,100.0,91.5,3.89,83.7,34,369.7
CNC,Night,No,17.69,655,100.0,77.9,2.52,78.3,115,383.0
CNC,Night,No,18.64,921,69.6,72.4,6.2,43.0,50,290.5
Pump,Night,No,1.5,774,37.3,51.2,0.74,46.6,15,184.2
CNC,Afternoon,No,11.13,836,84.4,57.8,1.28,39.6,65,261.8
Conveyor,Night,No,3.79,756,40.0,40.3,2.07,37.0,109,175.4
CNC,Morning,No,7.36,877,47.2,78.7,3.64,38.1,70,183.8
CNC,Afternoon,No,21.06,930,100.0,64.9,1.37,64.5,3,366.1
Compressor,Morning,No,4.51,865,73.6,77.5,2.11,21.4,46,267.5
Pump,Morning,Yes,20.65,607,79.0,48.9,0.8,72.0,47,252.5
Conveyor,Morning,Yes,1.57,594,42.0,44.8,2.35,38.2,76,162.4
CNC,Night,No,11.18,707,99.2,66.8,3.45,36.2,12,315.5
Pump,Morning,No,12.89,1014,61.3,46.9,1.1,51.6,94,282.5
Compressor,Night,No,1.57,895,96.7,79.3,3.15,31.4,48,292.0
Conveyor,Night,No,21.76,578,42.8,51.2,0.43,29.4,21,224.6
CNC,Afternoon,No,14.93,1026,77.0,81.2,1.28,24.8,91,287.2
Compressor,Morning,No,12.81,1114,81.4,85.2,2.62,33.0,28,323.3
CNC,Afternoon,No,15.19,1040,74.4,61.6,3.08,38.3,100,283.3
Compressor,Night,Yes,5.95,1105,88.2,87.7,2.21,0.0,100,293.6
Pump,Afternoon,Yes,15.95,742,75.1,58.4,0.78,28.1,61,237.5
CNC,Afternoon,Yes,15.33,709,67.0,81.0,2.16,65.1,97,225.6
CNC,Afternoon,Yes,18.63,1109,83.7,76.5,2.98,28.6,74,398.1
Pump,Night,No,18.74,930,74.1,53.1,4.89,44.3,51,332.2
Pump,Afternoon,No,15.25,740,63.7,62.4,1.77,39.6,21,248.6
Compressor,Night,Yes,11.65,1456,78.7,96.1,8.03,18.7,17,380.7
Compressor,Afternoon,No,4.58,1215,80.0,98.6,3.32,10.5,13,306.3
Compressor,Night,No,14.18,1282,98.9,96.5,1.82,68.9,59,379.7
Pump,Afternoon,No,1.08,605,48.3,55.0,1.22,52.1,48,156.0
Conveyor,Morning,Yes,21.36,347,52.1,43.6,2.28,4.2,106,250.7
Compressor,Afternoon,No,13.96,1333,71.7,92.0,5.38,35.2,90,305.1
Compressor,Morning,No,8.45,1782,89.1,79.6,2.3,78.3,104,390.6
Compressor,Morning,No,16.85,1004,100.0,87.9,14.08,27.7,22,437.1
CNC,Night,No,9.19,949,79.7,77.9,6.5,55.0,54,287.2
CNC,Night,No,12.64,1069,68.3,60.6,3.41,37.7,37,254.3
Pump,Night,No,9.0,972,63.4,42.3,3.67,59.2,66,225.8
Pump,Afternoon,No,19.67,783,82.0,53.6,0.9,58.9,31,308.3
CNC,Morning,No,9.19,1076,98.1,76.1,1.67,40.0,3,322.6
CNC,Morning,No,4.71,810,97.6,57.8,2.58,49.3,33,269.8
Pump,Morning,No,3.84,716,63.3,57.7,3.81,11.7,43,227.5
Compressor,Morning,Yes,20.9,1405,100.0,74.7,0.84,83.0,82,338.2
CNC,Night,Yes,20.85,987,53.6,64.2,2.18,56.9,119,292.7
CNC,Morning,No,9.2,501,62.4,70.8,1.16,49.5,13,243.2
Conveyor,Morning,No,10.12,637,61.4,59.2,0.39,53.3,65,246.3
Compressor,Night,No,17.62,1598,86.9,86.4,0.88,54.3,53,369.4
CNC,Morning,No,10.45,919,80.3,60.9,2.02,43.1,36,305.9
Conveyor,Morning,No,11.4,691,58.3,47.3,1.86,73.3,53,241.4
CNC,Night,No,11.43,513,70.7,70.5,2.55,22.9,25,299.3
CNC,Night,No,13.02,865,86.2,74.6,0.33,66.1,87,305.3
Conveyor,Afternoon,No,9.43,653,55.1,48.3,2.67,50.6,68,205.0
CNC,Afternoon,No,5.48,961,87.1,54.9,1.0,27.0,32,253.6
Conveyor,Morning,No,11.71,574,36.0,37.6,1.16,29.3,45,171.2
CNC,Morning,Yes,20.46,868,66.9,72.7,4.07,36.1,83,324.7
CNC,Morning,No,20.23,633,47.0,63.7,7.16,36.6,64,316.7
Compressor,Night,No,7.2,900,89.3,98.3,5.92,5.6,8,316.9
Conveyor,Afternoon,No,16.81,584,63.3,44.7,2.15,79.2,29,274.7
Pump,Night,No,5.66,846,58.7,45.4,1.56,57.0,99,197.5
CNC,Afternoon,No,10.45,931,79.5,86.3,1.59,83.5,87,299.9
Pump,Morning,No,18.05,878,54.4,55.3,0.9,42.6,67,262.1
CNC,Afternoon,No,6.81,1161,77.2,69.6,2.92,50.6,108,289.4
Pump,Morning,No,17.74,684,61.0,55.1,5.0,45.8,8,240.0
Compressor,Morning,Yes,20.36,1023,100.0,72.2,1.89,23.1,75,366.9
CNC,Night,No,10.97,1232,77.8,75.2,2.8,41.6,30,331.1
Compressor,Morning,No,3.16,907,100.0,65.1,2.39,29.8,53,286.9
Conveyor,Afternoon,Yes,20.35,463,40.2,48.5,0.66,44.8,51,242.8
Pump,Morning,No,3.92,643,46.4,57.2,5.53,59.6,16,233.8
CNC,Night,No,15.88,638,82.9,58.0,1.45,27.1,96,291.0
Conveyor,Night,Yes,18.91,454,54.4,52.0,1.39,64.6,46,216.2
Conveyor,Night,No,18.42,481,57.2,52.9,0.56,58.9,71,238.6
CNC,Morning,No,18.48,846,76.6,66.6,1.76,30.8,62,352.0
Conveyor,Morning,No,3.64,713,39.0,43.8,4.12,48.6,72,194.2
Pump,Afternoon,No,1.58,739,62.2,53.5,2.19,43.1,34,211.9
CNC,Afternoon,No,8.27,776,61.4,69.6,2.29,58.3,51,246.7
CNC,Morning,No,16.54,1312,73.1,47.2,2.0,57.3,102,289.2
Compressor,Night,Yes,22.01,1057,67.6,95.9,1.59,40.2,97,362.1
CNC,Morning,No,1.2,1024,70.8,66.5,3.19,39.5,75,216.9
Compressor,Afternoon,No,20.15,1263,100.0,98.2,3.15,68.7,81,427.5
CNC,Night,No,11.49,874,75.5,88.1,2.93,58.8,104,312.0
Pump,Morning,No,16.12,839,63.8,45.2,2.57,47.8,118,267.3
CNC,Morning,No,11.95,978,69.5,63.7,1.31,64.2,49,257.8
Compressor,Morning,No,5.6,1036,100.0,88.4,3.99,26.8,85,331.3
Pump,Night,Yes,10.78,670,48.9,55.1,1.26,56.5,36,200.2
Pump,Night,No,3.63,760,62.2,61.8,0.94,34.5,73,221.8
Conveyor,Night,No,20.93,392,49.1,52.1,1.18,53.5,49,239.3
Pump,Night,No,9.55,773,65.8,63.4,0.96,74.7,37,242.8
Compressor,Morning,No,22.68,1185,84.7,66.4,0.37,59.1,8,314.9
Compressor,Morning,No,8.31,1234,100.0,76.2,4.06,57.4,100,307.6
Compressor,Night,No,4.46,1224,77.1,87.7,3.67,50.3,68,323.3
Conveyor,Morning,No,16.5,589,28.4,51.9,1.4,67.4,61,232.9
Compressor,Night,No,14.66,1493,98.5,99.0,5.19,60.7,41,402.3
CNC,Afternoon,No,12.57,737,71.4,60.3,2.71,46.1,108,262.7
Compressor,Afternoon,No,23.56,945,96.9,94.1,2.81,50.5,81,390.1
CNC,Night,No,19.92,926,67.9,68.7,0.09,53.1,107,297.3
CNC,Afternoon,No,9.18,1259,54.9,62.6,1.58,23.0,45,247.2
Compressor,Night,No,23.68,1411,83.8,91.4,3.08,80.3,13,426.8
CNC,Night,No,7.57,1172,76.8,92.5,3.08,42.6,14,305.2
Pump,Morning,No,22.93,1035,54.4,49.1,1.69,75.9,81,305.5
Conveyor,Night,No,14.97,524,50.8,51.7,0.84,0.0,64,225.7
Pump,Afternoon,Yes,21.05,316,62.2,62.4,0.31,41.4,113,212.0
Pump,Afternoon,No,2.04,862,67.0,58.1,2.35,57.3,64,217.1
Conveyor,Night,No,4.41,496,64.2,39.7,0.65,31.2,60,203.9
Compressor,Afternoon,Yes,21.22,1081,99.0,73.3,1.73,39.3,3,323.8
Conveyor,Morning,No,9.84,737,42.5,43.3,2.37,5.2,33,168.7
Pump,Afternoon,No,14.83,587,63.5,45.3,1.15,56.3,6,275.5
CNC,Night,No,18.38,868,70.8,73.0,4.23,51.5,2,297.8
CNC,Morning,Yes,8.84,1138,90.1,67.1,1.92,68.5,43,258.0
CNC,Morning,Yes,11.47,1166,92.4,58.0,2.73,32.4,58,275.9
CNC,Morning,No,3.07,1103,87.5,58.6,3.85,40.6,33,257.9
CNC,Afternoon,Yes,4.34,1208,88.4,70.7,1.66,16.7,20,267.4
Compressor,Morning,No,17.88,1025,75.8,84.4,5.58,57.2,66,380.2
CNC,Morning,Yes,13.84,896,59.2,78.5,0.15,72.9,83,268.2
Pump,Morning,No,21.91,922,44.3,55.0,3.4,38.2,8,265.8
Pump,Night,Yes,15.29,918,54.0,69.7,0.7,49.2,66,311.0
Pump,Morning,No,13.87,931,64.3,56.4,11.65,22.5,109,283.6
CNC,Morning,No,8.87,1149,87.2,55.5,2.31,60.5,97,279.7
CNC,Morning,Yes,18.02,1356,58.3,48.4,1.57,44.2,19,277.8
Conveyor,Afternoon,Yes,19.47,728,28.0,45.7,0.24,50.9,63,222.2
Conveyor,Night,Yes,6.34,495,59.5,54.0,1.54,41.9,36,206.9
Pump,Night,No,5.27,828,74.8,56.5,1.18,59.8,107,301.8
Pump,Night,No,15.93,685,41.9,72.3,0.72,51.3,23,205.6
Pump,Afternoon,Yes,7.8,639,43.7,65.4,0.23,33.7,24,131.0
Pump,Afternoon,No,11.28,961,70.8,53.7,1.13,51.7,86,279.5
Compressor,Afternoon,No,22.09,1586,67.2,97.5,0.75,61.0,30,340.3
Compressor,Morning,No,6.61,1266,64.7,86.8,0.42,70.9,59,268.7
Pump,Morning,Yes,8.42,838,85.5,54.9,1.86,48.7,38,251.2
CNC,Afternoon,Yes,6.02,858,55.4,70.2,2.64,58.2,87,261.2
Compressor,Morning,No,1.04,1045,82.2,92.5,2.15,61.6,89,250.6
Pump,Morning,Yes,15.12,491,44.7,62.3,0.15,94.3,36,248.5
Conveyor,Afternoon,No,12.38,745,43.8,49.6,2.46,52.2,63,214.1
Pump,Morning,No,12.23,695,63.2,54.4,4.31,43.7,94,271.7
CNC,Afternoon,No,9.8,1057,57.3,70.4,2.36,40.9,56,253.1
Compressor,Afternoon,No,8.97,1263,100.0,92.3,3.33,49.3,30,347.4
Conveyor,Morning,No,5.33,371,41.2,46.7,1.24,83.9,108,138.3
Pump,Morning,No,10.12,968,71.7,55.9,5.29,82.7,40,283.8
Conveyor,Morning,Yes,4.01,682,52.7,38.5,0.52,25.2,108,128.5
CNC,Afternoon,No,17.47,1021,76.5,54.2,1.48,27.2,117,311.0
CNC,Afternoon,Yes,8.88,661,100.0,73.2,4.59,34.4,99,301.9
Pump,Afternoon,Yes,11.67,790,56.1,56.0,1.53,17.4,3,205.8
Pump,Night,No,15.25,645,52.0,67.7,2.11,52.3,102,243.2
Conveyor,Night,Yes,21.33,644,54.3,48.8,1.43,32.7,33,250.0
Conveyor,Morning,Yes,2.05,910,52.9,47.3,1.79,40.8,23,166.2
Pump,Night,No,17.23,595,59.9,67.6,0.69,51.3,87,270.4
Compressor,Afternoon,No,21.91,750,99.5,88.2,2.32,17.3,47,377.6
Compressor,Morning,No,15.73,1131,96.2,88.8,2.29,65.6,49,339.9
Conveyor,Afternoon,Yes,13.95,635,54.4,42.2,4.01,73.9,98,267.2
CNC,Afternoon,Yes,16.03,1003,77.5,62.3,2.36,71.9,60,333.4
Compressor,Morning,Yes,12.9,1510,100.0,65.6,6.87,43.9,47,378.2
Conveyor,Morning,No,16.73,541,57.7,48.2,1.54,88.3,74,249.4
Compressor,Afternoon,No,13.34,1258,100.0,99.1,1.41,43.3,24,379.8
Compressor,Morning,No,6.99,860,100.0,93.0,13.83,45.5,26,400.9
Conveyor,Afternoon,Yes,11.82,465,34.5,52.3,3.73,45.9,50,148.6
CNC,Morning,Yes,8.43,1002,72.7,56.9,0.68,80.2,46,215.4
CNC,Afternoon,No,20.34,1095,87.2,36.4,3.59,15.1,111,319.1
CNC,Morning,No,7.86,853,42.3,50.8,2.98,30.9,63,194.7
Compressor,Morning,Yes,14.86,876,63.4,86.7,2.0,61.0,17,298.2
Pump,Night,No,13.55,553,72.8,54.2,2.11,44.7,37,247.5
CNC,Morning,No,15.83,845,84.1,75.4,2.85,14.8,33,310.0
CNC,Night,No,18.08,902,83.0,76.4,0.61,90.1,55,315.6
Pump,Afternoon,No,3.25,866,63.2,68.5,2.97,68.4,93,220.6
Pump,Morning,Yes,20.38,646,70.7,52.4,1.48,59.5,46,233.0
Compressor,Afternoon,No,12.61,814,96.8,74.6,0.82,65.1,63,312.2
Pump,Night,No,5.49,571,55.9,67.4,0.42,38.1,83,162.3
Conveyor,Morning,No,17.13,408,60.2,51.8,1.43,67.5,68,260.2
Compressor,Night,Yes,18.44,990,82.4,92.9,2.85,23.8,81,348.2
Pump,Morning,No,21.86,749,81.5,57.1,2.5,49.6,74,304.2
Conveyor,Night,No,18.47,795,57.6,47.4,2.04,14.6,40,201.1
CNC,Morning,No,10.75,1209,83.2,84.7,0.5,28.8,6,307.2
Conveyor,Morning,No,9.53,775,67.9,44.1,2.23,76.9,43,298.1
Compressor,Afternoon,No,5.11,1004,100.0,75.7,1.96,35.3,64,335.7
Conveyor,Night,No,8.34,604,53.9,45.4,3.73,23.2,62,228.6
CNC,Night,No,22.34,1064,84.8,89.1,0.03,91.3,39,365.3
CNC,Afternoon,Yes,3.93,997,76.8,87.7,2.4,26.5,33,233.5
Pump,Night,No,9.95,954,62.6,62.7,0.29,32.2,72,312.9
CNC,Afternoon,No,1.57,747,73.1,69.4,2.63,55.9,5,209.1
CNC,Morning,No,13.14,1048,74.3,58.6,1.98,11.6,91,286.2
Pump,Morning,No,2.8,812,73.2,60.1,4.11,36.8,76,288.6
Compressor,Morning,Yes,16.16,1160,64.9,90.8,5.2,51.9,41,371.3
Conveyor,Afternoon,No,14.86,677,38.6,62.5,2.81,72.1,37,250.9
CNC,Night,Yes,20.24,689,46.0,66.5,2.2,40.8,56,237.1
Conveyor,Afternoon,No,16.89,692,59.1,40.8,1.85,32.4,14,197.7
CNC,Night,No,3.13,865,79.3,87.9,0.76,73.1,43,227.1
CNC,Night,Yes,23.78,881,100.0,80.9,3.14,53.0,9,375.2
Compressor,Morning,No,23.09,1083,100.0,89.6,1.08,68.2,95,386.0
CNC,Morning,No,16.84,1332,81.8,63.5,5.01,40.3,97,302.4
Conveyor,Morning,Yes,20.85,705,64.2,32.2,1.52,55.4,85,247.5
CNC,Night,No,1.83,1031,72.9,84.9,2.18,58.3,34,206.4
CNC,Night,No,7.94,1290,67.5,73.6,1.12,33.8,59,250.2
Compressor,Morning,No,21.49,1438,95.0,70.3,0.87,22.5,47,392.5
Pump,Afternoon,No,5.55,957,55.7,53.3,4.81,19.1,66,267.9
Conveyor,Night,Yes,20.99,516,51.6,50.1,3.06,36.0,83,245.8
Pump,Morning,Yes,12.2,749,62.0,62.9,1.57,3.3,53,247.4
CNC,Afternoon,No,11.67,920,55.7,71.1,2.35,37.7,24,225.4
CNC,Afternoon,No,9.42,1124,100.0,63.9,4.91,37.2,51,308.9
CNC,Afternoon,No,5.55,1235,70.7,80.9,1.76,48.3,48,263.4
CNC,Night,No,22.38,1069,44.3,59.9,0.49,32.5,89,267.1
CNC,Night,No,22.66,1102,75.7,56.0,1.58,42.3,82,359.9
CNC,Night,No,13.77,1140,77.7,83.1,0.83,43.2,79,297.6
Conveyor,Morning,No,9.72,707,47.3,47.8,3.0,57.3,116,211.9
Compressor,Morning,No,19.89,845,100.0,75.6,3.64,20.2,47,381.6
Pump,Night,Yes,13.08,881,51.6,63.7,1.01,72.2,78,282.0
Conveyor,Night,Yes,17.8,547,62.1,51.9,0.57,77.1,38,232.0
Compressor,Night,No,17.76,982,86.2,73.8,6.24,70.2,93,416.8
Compressor,Night,No,4.6,1344,100.0,80.9,1.38,51.8,55,319.3
Compressor,Afternoon,No,20.55,943,95.4,98.4,3.6,27.6,65,408.3
Pump,Morning,No,13.52,875,70.7,52.5,2.41,61.7,112,301.9
Pump,Night,No,20.47,711,56.5,58.7,1.03,13.4,14,240.3
Conveyor,Afternoon,No,21.8,635,57.3,45.4,0.38,36.1,96,292.3
Pump,Night,No,9.29,719,75.3,78.6,2.02,16.1,42,287.7
Pump,Morning,No,21.42,843,55.7,51.8,1.78,32.2,90,316.5
CNC,Afternoon,Yes,10.49,888,57.9,56.2,5.37,40.3,12,213.5
Compressor,Night,No,3.99,1088,84.4,104.5,1.04,27.0,45,310.4
Compressor,Morning,No,7.7,1248,100.0,80.1,1.86,72.5,11,321.7
Pump,Night,No,17.16,739,62.3,72.5,2.56,62.1,85,308.4
Pump,Night,Yes,18.13,493,28.1,72.1,0.79,6.2,100,199.7
Compressor,Afternoon,Yes,8.58,1009,97.2,88.7,1.5,39.0,73,259.6
Pump,Morning,No,23.2,616,81.5,49.0,2.32,5.3,22,288.4
Compressor,Night,No,7.6,1277,78.5,102.5,1.76,62.3,63,344.4
CNC,Night,Yes,18.6,1014,89.0,64.2,4.81,56.0,2,316.9
Compressor,Morning,No,16.83,1299,61.8,79.6,6.08,84.1,1,307.9
CNC,Night,No,8.51,1054,100.0,74.3,1.69,54.6,118,311.1
Conveyor,Afternoon,No,6.34,783,43.1,45.5,2.83,74.1,67,168.4
Pump,Afternoon,Yes,18.87,789,35.5,59.6,4.11,55.9,47,231.1
Pump,Night,No,14.73,879,61.0,69.7,1.71,19.6,13,290.5
Conveyor,Morning,No,11.03,673,54.3,32.7,1.07,28.6,104,183.2
CNC,Morning,Yes,8.6,914,73.1,59.6,4.29,41.1,19,289.8
Conveyor,Afternoon,No,12.96,363,45.9,54.5,5.05,64.5,7,248.0
Conveyor,Afternoon,No,16.91,655,43.0,50.0,0.41,18.1,97,211.7
Compressor,Morning,No,13.93,1254,91.0,62.1,2.29,31.5,13,324.9
Compressor,Morning,No,17.58,1122,91.8,75.6,12.73,41.0,2,454.9
Pump,Afternoon,No,21.5,727,56.4,64.2,0.83,79.6,62,275.8
CNC,Morning,No,9.29,973,80.4,71.4,1.86,0.0,28,306.0
CNC,Morning,Yes,1.15,650,80.6,83.1,1.03,56.0,48,236.5
Compressor,Afternoon,No,18.44,1272,100.0,81.4,0.6,77.9,101,413.0
Conveyor,Afternoon,No,2.63,694,41.8,37.4,0.3,78.7,15,110.4
Pump,Night,No,23.3,1183,71.2,69.0,0.83,24.2,92,323.6
CNC,Morning,No,13.08,760,93.4,70.3,2.46,42.1,88,338.6
Conveyor,Morning,No,20.5,478,55.6,49.3,2.19,45.7,111,294.3
Conveyor,Morning,No,9.94,1006,62.2,39.4,0.93,42.0,58,218.6
Pump,Afternoon,No,1.62,1145,80.3,47.4,0.91,55.0,7,248.7
Compressor,Afternoon,No,21.12,1199,86.9,99.2,0.81,67.7,4,407.9
CNC,Night,No,17.82,878,79.9,72.1,0.89,18.5,118,282.6
CNC,Afternoon,Yes,7.49,610,91.6,51.8,5.19,26.1,88,267.0
Compressor,Afternoon,No,18.08,1058,86.8,99.7,1.55,22.7,21,357.0
Pump,Night,No,23.43,809,75.0,58.8,0.11,38.6,102,279.6
Compressor,Night,No,1.08,1286,86.3,97.6,5.4,31.2,9,331.8
Pump,Morning,No,7.05,1060,58.3,50.3,2.3,35.2,118,226.6
Conveyor,Night,No,22.71,660,42.6,43.3,1.79,51.4,21,256.2
Compressor,Morning,No,11.96,1448,100.0,71.9,2.23,91.3,11,338.0
Conveyor,Afternoon,No,4.35,562,53.8,48.5,2.59,13.9,5,199.9
Pump,Morning,Yes,16.7,1013,62.5,61.0,2.22,52.4,114,285.5
Conveyor,Morning,No,16.42,500,50.4,40.7,0.81,39.8,62,199.5
Conveyor,Afternoon,No,2.14,731,40.7,38.1,1.76,38.3,45,165.4
CNC,Night,No,23.85,842,82.5,74.2,2.66,66.4,52,327.5
CNC,Morning,No,5.66,1018,73.2,55.4,1.72,64.0,40,253.7
CNC,Night,No,20.73,1079,82.5,81.9,0.65,45.3,45,363.7
Pump,Morning,No,4.79,808,60.7,49.2,7.37,31.8,110,245.1
CNC,Morning,No,1.63,535,75.1,68.8,1.56,43.5,94,176.2
CNC,Night,Yes,14.0,1184,62.8,61.9,6.12,28.1,68,276.7
Pump,Afternoon,No,18.47,910,78.8,51.2,3.24,39.1,40,278.4
CNC,Afternoon,No,1.57,1061,60.5,81.8,0.45,70.6,15,273.5
Pump,Afternoon,No,23.73,711,66.4,61.6,2.44,36.1,51,312.3
Compressor,Afternoon,No,20.51,891,100.0,89.6,3.93,47.6,86,437.5
Pump,Morning,No,15.64,718,56.6,60.5,1.22,59.3,102,275.9
CNC,Afternoon,No,22.44,624,100.0,65.5,7.71,37.9,59,355.9
Conveyor,Night,No,11.75,497,60.0,57.7,0.49,61.2,93,237.4
Pump,Morning,No,20.96,916,52.8,36.6,1.59,80.3,34,299.7
CNC,Morning,No,13.53,293,47.1,59.2,1.85,72.1,76,228.3
Conveyor,Afternoon,No,20.1,714,53.3,61.6,1.01,66.1,112,292.1
Compressor,Night,No,17.44,865,92.6,109.5,2.54,35.0,59,368.7
Pump,Night,Yes,2.69,876,65.4,57.8,0.97,25.2,48,222.8
Pump,Afternoon,No,12.21,702,61.9,52.3,1.98,75.8,90,245.1
CNC,Morning,No,16.74,979,71.4,76.0,4.38,39.3,21,273.9
Pump,Morning,No,8.01,549,73.7,49.9,1.13,22.6,113,210.4
Compressor,Morning,No,12.56,1100,80.4,76.6,8.23,81.0,46,400.2
CNC,Morning,No,2.08,1158,86.1,71.8,2.1,15.2,72,233.3
Pump,Morning,No,13.41,808,78.3,53.0,0.81,57.3,88,308.4
Compressor,Afternoon,No,3.39,919,79.5,96.4,7.79,25.5,118,318.9
Compressor,Night,No,7.35,1355,82.4,88.5,4.52,0.0,110,336.8
Compressor,Morning,No,1.5,930,70.7,67.1,5.6,33.8,63,272.2
Pump,Morning,Yes,14.92,957,67.5,48.0,2.85,47.0,37,230.9
Pump,Morning,No,2.52,714,52.9,29.4,3.13,71.7,36,214.5
CNC,Night,No,23.1,1004,77.2,51.8,4.2,20.8,14,341.7
Compressor,Night,No,10.63,946,73.0,89.7,4.53,26.6,45,355.5
CNC,Morning,No,12.55,1119,70.0,62.1,0.89,19.9,80,271.1
Pump,Night,No,1.76,966,31.2,60.4,0.66,69.7,25,219.2
Conveyor,Afternoon,No,22.76,661,46.2,59.7,1.76,41.2,6,262.3
CNC,Afternoon,No,5.96,923,77.3,57.8,0.59,59.7,3,260.0
Conveyor,Afternoon,No,19.04,324,49.1,44.4,1.46,29.3,93,172.5
Compressor,Night,No,9.0,1628,100.0,103.0,1.0,54.9,53,372.4
Compressor,Night,No,12.52,1061,94.9,112.1,5.52,59.1,77,384.6
Pump,Morning,No,7.82,753,55.2,58.2,1.74,59.5,5,228.7
Compressor,Morning,No,9.41,1807,64.7,72.7,1.74,26.1,109,337.2
Conveyor,Afternoon,No,18.44,667,48.9,43.4,0.72,30.4,3,253.8
CNC,Morning,No,11.43,647,83.6,56.3,1.11,47.9,28,281.6
CNC,Afternoon,No,3.63,915,65.7,47.8,3.38,75.8,46,241.9
Pump,Afternoon,No,21.56,900,81.5,52.0,0.62,56.9,102,273.1
CNC,Afternoon,No,7.51,806,71.7,70.7,1.27,37.8,1,229.2
Conveyor,Night,Yes,13.94,558,47.5,42.0,0.45,50.6,71,176.9
Compressor,Afternoon,No,17.43,815,60.5,81.4,0.25,27.8,34,258.4
CNC,Morning,No,9.33,544,69.9,75.2,4.28,64.0,15,233.5
Pump,Afternoon,Yes,12.93,719,60.0,64.4,1.79,16.3,45,270.2
Pump,Night,No,20.31,484,65.2,62.2,3.2,72.1,85,269.9
Conveyor,Night,No,14.17,946,61.5,50.8,1.44,85.9,75,267.2
Pump,Morning,No,11.96,540,56.1,54.9,0.85,52.1,96,226.1
Pump,Afternoon,No,16.56,699,54.1,57.6,3.63,58.6,8,292.8
Pump,Night,Yes,9.5,803,74.8,47.2,5.25,41.5,4,224.3
Compressor,Afternoon,No,16.5,1215,87.6,91.0,10.67,32.4,95,428.0
Conveyor,Night,No,3.27,521,53.5,43.8,0.57,48.0,115,194.2
Compressor,Night,Yes,16.64,1213,90.3,101.5,0.47,25.7,91,310.8
Pump,Morning,No,17.99,889,59.7,63.6,0.84,38.3,52,288.8
CNC,Afternoon,No,20.92,712,75.9,66.1,3.52,45.1,68,324.9
Pump,Afternoon,Yes,11.16,1016,77.0,62.8,0.53,51.1,41,251.5
Compressor,Morning,No,6.27,1118,89.8,75.7,2.73,61.1,119,386.9
Compressor,Morning,No,12.81,855,100.0,80.3,5.27,25.2,111,334.8
Conveyor,Afternoon,Yes,2.09,478,52.3,48.8,1.41,64.1,96,182.7
Conveyor,Night,No,5.63,463,37.2,38.2,0.65,51.5,78,160.7
Compressor,Night,No,13.86,1505,87.0,94.5,2.89,58.0,59,384.7
Conveyor,Morning,No,5.33,813,60.3,48.6,2.45,71.4,112,259.8
Compressor,Night,No,11.53,1283,93.5,91.4,1.6,71.5,8,320.9
Conveyor,Morning,Yes,12.1,536,35.1,45.7,1.15,66.6,42,206.0
Pump,Night,No,5.97,1138,49.5,58.4,1.12,47.0,86,214.5
CNC,Night,Yes,13.18,721,83.7,71.3,0.69,79.8,92,308.7
Compressor,Afternoon,No,20.25,963,94.1,82.5,4.3,51.0,55,369.4
Conveyor,Night,No,6.38,721,56.2,49.1,2.07,83.8,41,209.9
CNC,Afternoon,No,23.83,1239,50.9,72.1,1.55,58.1,109,347.9
Compressor,Afternoon,No,11.78,599,63.1,103.9,2.05,54.9,33,263.7
Pump,Afternoon,Yes,21.98,839,44.5,64.3,2.06,55.5,10,290.0
Pump,Morning,Yes,6.97,635,75.9,48.1,2.19,57.6,94,233.3
Conveyor,Afternoon,No,23.87,468,56.8,47.8,1.19,51.7,73,304.2
Pump,Morning,No,12.69,829,48.7,48.2,1.6,32.8,13,228.9
Compressor,Afternoon,No,3.11,1030,76.4,67.9,0.43,6.0,102,304.6
Pump,Night,No,8.09,788,62.2,64.4,1.17,9.3,27,189.3
Conveyor,Morning,No,13.58,333,50.2,58.6,1.19,28.7,51,259.9
Pump,Afternoon,Yes,18.13,835,44.9,55.3,1.97,47.0,39,264.8
CNC,Morning,Yes,14.63,1169,64.1,71.5,1.03,48.3,13,299.5
Pump,Night,No,12.33,550,56.7,71.5,5.09,16.3,51,231.2
Pump,Afternoon,Yes,12.54,602,53.1,62.3,2.8,47.1,35,274.6
Conveyor,Morning,Yes,9.1,730,43.7,51.9,4.05,10.0,66,198.1
Pump,Morning,No,19.82,980,54.3,56.3,0.41,49.5,109,268.1
Pump,Afternoon,No,21.16,861,71.7,56.9,2.26,37.3,22,249.1
Pump,Morning,Yes,18.88,980,62.5,43.8,0.72,34.4,25,250.7
Compressor,Morning,No,9.78,549,100.0,67.2,7.42,28.4,14,352.2
Pump,Morning,No,14.07,588,81.6,66.4,1.9,33.1,67,302.5
Pump,Night,Yes,12.95,822,58.4,62.2,2.43,74.5,8,269.7
Compressor,Morning,Yes,10.68,1235,65.1,76.5,5.89,20.3,69,288.9
CNC,Afternoon,No,9.22,886,59.3,81.5,2.72,10.4,15,205.2
CNC,Morning,No,11.65,741,64.3,75.8,1.35,45.0,38,275.7
Compressor,Night,No,23.29,1105,97.1,93.7,0.12,73.9,4,357.1
Conveyor,Night,No,2.28,442,63.0,54.0,0.76,39.9,119,177.7
Conveyor,Afternoon,Yes,12.6,533,42.4,37.5,0.04,36.7,90,183.6
Compressor,Night,No,21.67,679,100.0,78.5,1.79,40.2,96,367.4
Conveyor,Morning,No,8.13,421,34.7,38.1,1.89,67.0,104,167.1
Conveyor,Morning,No,10.99,637,65.1,43.5,1.55,86.8,4,265.2
Compressor,Morning,No,21.8,1378,100.0,82.2,1.4,28.7,112,418.3
Compressor,Afternoon,No,23.96,982,68.6,97.5,4.7,25.1,14,315.3
Conveyor,Night,Yes,10.24,584,58.6,44.2,4.4,48.5,22,247.6
Conveyor,Afternoon,No,19.42,873,52.8,55.1,0.29,68.4,30,205.2
CNC,Afternoon,Yes,4.73,600,69.7,66.9,0.67,39.1,89,191.0
Conveyor,Afternoon,No,13.86,491,41.9,41.1,0.38,22.7,89,201.9
Compressor,Afternoon,No,14.22,1152,56.8,74.3,11.32,36.5,16,311.8
CNC,Afternoon,No,17.94,871,58.4,73.8,1.13,54.9,46,283.7
CNC,Morning,Yes,2.93,1009,44.6,58.7,0.65,65.5,93,191.0
Compressor,Afternoon,No,19.39,1051,99.9,87.6,1.03,11.0,49,373.4
Pump,Afternoon,No,14.79,994,59.3,51.9,1.36,31.2,23,276.0
Conveyor,Morning,No,13.57,653,68.2,44.0,2.14,28.8,66,237.7
Compressor,Night,No,7.38,1423,74.0,84.8,1.42,39.7,76,300.5
Conveyor,Night,No,1.44,632,63.5,48.4,1.64,38.4,8,229.6
Compressor,Morning,No,4.73,877,88.9,81.2,1.01,60.5,52,323.7
CNC,Night,No,21.79,1067,88.4,65.4,2.52,9.1,25,337.4
Conveyor,Night,No,23.97,694,45.2,51.6,0.58,31.7,13,287.5
Compressor,Night,No,10.64,1031,64.4,107.9,0.82,50.1,43,311.0
CNC,Afternoon,No,11.56,674,48.7,55.4,0.7,60.5,1,213.7
Pump,Afternoon,No,14.91,513,67.8,52.8,4.01,94.8,94,291.4
CNC,Afternoon,No,12.66,825,71.6,58.6,2.09,73.0,85,292.3
Pump,Morning,Yes,1.02,669,62.0,58.2,1.07,29.5,111,186.4
Compressor,Night,No,7.31,1108,84.6,83.6,8.42,27.7,44,296.0
Pump,Night,No,21.16,740,50.6,78.6,0.35,46.1,71,292.7
Compressor,Morning,Yes,3.15,1054,61.3,78.3,3.27,67.6,34,267.4
Conveyor,Night,No,17.46,503,61.5,55.2,3.79,36.3,7,284.5
Compressor,Afternoon,No,7.41,1379,100.0,83.6,4.51,26.0,117,328.3
CNC,Night,No,16.63,1145,54.5,69.1,3.32,40.5,62,306.5
Pump,Night,Yes,1.75,936,53.1,52.7,6.04,47.9,117,226.8
Pump,Morning,No,3.95,871,68.6,49.8,0.9,69.9,91,239.2
Pump,Morning,No,5.79,819,47.6,52.4,0.51,57.3,98,230.5
Conveyor,Afternoon,No,23.98,1055,56.1,41.4,1.74,48.9,38,320.2
Pump,Afternoon,Yes,21.25,873,80.4,56.9,3.43,66.5,94,335.7
Compressor,Morning,No,16.01,1012,89.1,67.1,2.89,84.9,108,339.7
Pump,Afternoon,No,13.4,525,60.6,60.4,3.96,32.7,45,242.5
Conveyor,Morning,No,21.73,750,47.2,44.0,0.95,35.2,17,248.5
CNC,Night,Yes,15.7,914,79.1,74.9,4.25,15.4,99,315.2
Pump,Night,No,10.27,674,57.1,66.9,0.08,32.1,6,257.1
Compressor,Morning,Yes,15.1,1197,95.5,74.7,6.39,46.2,24,386.2
Pump,Morning,No,22.06,605,63.7,59.9,2.6,29.1,28,316.8
Compressor,Afternoon,No,18.89,963,71.6,84.0,2.59,34.1,66,334.3
Pump,Morning,No,10.61,610,56.2,49.7,2.07,42.9,39,175.1
Conveyor,Night,No,10.97,558,66.2,45.8,0.79,11.2,79,216.1
Compressor,Morning,No,9.68,1349,81.7,86.9,7.63,46.1,35,322.6
Compressor,Night,No,9.54,903,93.6,83.6,0.8,18.2,13,315.4
Conveyor,Afternoon,No,7.12,698,48.2,44.4,1.38,72.5,117,171.1
Pump,Afternoon,No,8.95,724,75.9,64.1,1.97,49.0,68,274.6
Conveyor,Morning,No,23.77,418,47.6,52.8,2.23,42.4,25,256.1
CNC,Morning,No,4.1,1178,56.3,71.1,7.05,56.8,11,240.6
Conveyor,Afternoon,No,8.92,739,51.4,45.3,1.95,80.0,104,218.6
Compressor,Morning,No,18.76,949,100.0,73.2,2.97,48.3,34,378.5
Compressor,Afternoon,No,4.61,1202,87.4,97.1,4.84,67.1,102,351.9
Pump,Night,No,5.18,598,62.6,70.8,0.71,34.1,84,235.5
CNC,Afternoon,No,13.97,1092,89.0,70.0,3.48,33.6,28,344.9
Conveyor,Morning,Yes,7.43,666,58.4,43.9,1.07,49.2,88,202.3
CNC,Morning,No,1.47,1014,84.6,63.3,0.44,38.4,36,236.8
Conveyor,Morning,No,14.64,510,71.3,46.5,1.07,51.8,102,231.3
CNC,Night,No,9.13,918,94.9,70.6,1.42,43.5,32,303.9
Conveyor,Night,No,8.73,580,45.9,46.7,1.33,44.9,115,197.1
Conveyor,Morning,No,10.19,604,39.0,34.9,2.92,13.0,108,206.9
CNC,Afternoon,No,22.06,942,100.0,65.0,4.94,58.7,110,330.1
Conveyor,Night,No,19.91,351,59.7,48.7,3.6,17.0,35,279.2
Pump,Night,No,12.05,800,68.1,64.5,3.47,60.6,90,256.5
CNC,Morning,No,22.39,880,77.5,71.5,7.71,33.8,50,355.3
Pump,Afternoon,No,22.87,635,51.4,58.8,6.33,46.7,17,269.9
Conveyor,Afternoon,No,20.86,862,48.6,48.4,1.35,38.8,106,281.5
CNC,Night,No,18.57,1256,53.5,63.9,1.33,34.2,30,284.6
Compressor,Afternoon,No,15.68,786,91.7,71.9,0.76,34.2,106,312.5
CNC,Morning,No,23.0,758,58.2,71.5,2.51,36.2,70,296.5
Compressor,Afternoon,No,5.1,1339,96.6,88.4,3.8,50.8,116,361.4
CNC,Morning,No,10.98,801,71.4,60.7,1.52,42.4,83,290.6
Conveyor,Afternoon,No,4.16,616,42.0,46.2,1.22,60.9,44,204.8
Conveyor,Night,Yes,20.27,592,39.8,52.0,2.16,85.0,111,272.0
Conveyor,Afternoon,Yes,18.69,676,25.6,56.5,5.21,21.3,21,209.7
Conveyor,Morning,No,6.62,574,49.7,42.6,1.66,24.6,113,181.8
Pump,Morning,No,19.75,774,47.7,47.7,1.14,69.4,66,262.8
Pump,Afternoon,Yes,11.93,730,71.2,63.8,1.75,44.6,101,254.6
Pump,Morning,No,8.19,681,54.2,50.8,0.92,31.5,63,188.1
Pump,Afternoon,No,9.13,798,71.2,60.5,1.43,59.9,118,222.0
CNC,Morning,No,7.26,841,90.7,67.8,2.1,20.4,60,249.9
Conveyor,Morning,No,18.76,465,53.9,48.6,1.94,63.1,91,262.8
Pump,Night,No,3.53,750,62.3,64.6,1.06,45.7,51,245.9
Pump,Morning,No,14.72,605,56.1,56.4,0.6,63.3,22,218.6
Conveyor,Night,No,16.84,710,44.0,52.1,0.69,54.3,4,226.5
Pump,Night,No,15.98,737,67.1,56.4,0.95,48.8,73,310.9
Pump,Afternoon,No,5.41,704,69.3,51.9,1.08,33.7,34,200.9
Compressor,Night,No,1.9,1454,100.0,111.8,0.68,68.5,91,340.7
Compressor,Afternoon,No,23.14,1152,100.0,86.5,1.04,18.6,58,410.6
Pump,Morning,No,5.35,773,67.2,46.2,2.58,48.1,71,233.3
CNC,Afternoon,Yes,21.94,1199,55.8,70.9,4.33,69.9,33,294.8
Compressor,Morning,Yes,4.91,1332,93.9,77.3,11.51,62.6,69,334.4
CNC,Morning,No,17.05,1030,81.3,65.4,2.55,32.3,1,310.1
Compressor,Morning,Yes,20.11,1327,93.0,61.0,2.81,74.6,29,352.4
Compressor,Afternoon,No,12.15,1124,87.2,89.7,4.29,50.1,49,331.7
Compressor,Morning,No,15.6,1094,77.4,95.0,0.78,86.1,97,339.3
Pump,Morning,Yes,20.85,534,45.0,56.1,7.99,90.3,39,240.6
Pump,Afternoon,No,21.07,630,60.8,56.5,0.48,60.6,3,281.2
CNC,Morning,Yes,20.81,808,59.8,73.2,1.85,75.2,105,303.5
Compressor,Morning,No,10.08,1395,95.0,81.9,5.64,28.1,102,407.3
Compressor,Afternoon,No,21.19,952,94.8,79.1,4.32,67.6,29,369.5
Compressor,Morning,No,7.6,1203,97.5,80.7,2.88,41.4,26,334.9
Conveyor,Afternoon,No,4.01,687,53.5,38.5,0.89,50.3,55,158.7
Conveyor,Afternoon,No,11.35,685,58.8,35.8,0.91,43.3,37,208.2
Pump,Afternoon,No,21.66,928,59.0,46.6,2.4,29.8,65,293.1
Compressor,Night,No,14.57,838,100.0,97.4,4.98,71.1,34,355.7
Compressor,Morning,No,2.05,1513,95.3,80.3,1.94,21.4,15,297.1
Compressor,Night,No,12.35,887,92.8,74.6,5.23,50.8,17,341.8
CNC,Morning,No,3.67,888,65.5,66.8,1.72,52.9,58,225.5
Pump,Morning,No,16.88,850,70.9,64.3,1.53,12.3,29,269.0
CNC,Night,No,14.69,874,68.4,81.3,2.68,29.4,26,301.5
Conveyor,Night,No,9.04,486,60.6,53.7,1.0,62.7,111,254.2
Compressor,Night,Yes,13.79,593,92.1,97.6,5.0,81.2,43,351.7
CNC,Afternoon,No,4.61,893,85.0,68.6,0.49,53.8,59,279.9
CNC,Afternoon,No,23.48,1226,87.5,77.4,3.18,65.1,56,329.2
CNC,Afternoon,No,12.9,1185,95.7,71.3,4.37,48.9,101,368.9
Compressor,Afternoon,No,12.56,620,83.0,91.8,1.52,50.4,13,274.1
Conveyor,Morning,No,7.31,679,40.9,43.6,3.82,29.4,41,182.3
Pump,Night,No,12.82,823,67.7,51.6,1.5,28.5,11,247.1
CNC,Afternoon,Yes,21.73,709,67.5,76.4,4.98,46.6,76,312.0
Compressor,Afternoon,No,9.66,881,52.3,88.2,0.65,26.0,118,233.8
Pump,Night,Yes,11.27,658,63.8,60.6,0.92,65.8,2,255.9
Compressor,Afternoon,No,8.43,925,71.5,83.1,0.86,53.8,46,292.9
Pump,Morning,Yes,6.81,678,64.3,57.4,2.39,23.0,100,204.2
Conveyor,Night,Yes,19.94,516,62.8,63.1,2.0,9.3,8,266.4
Compressor,Night,No,21.15,1358,88.0,80.1,1.36,63.3,40,382.7
Conveyor,Afternoon,No,16.18,541,66.8,44.7,1.78,26.4,2,237.5
Compressor,Afternoon,No,19.38,997,51.6,76.2,0.78,14.6,24,306.9
Compressor,Morning,No,16.05,668,100.0,85.9,2.54,13.2,114,340.7
Compressor,Afternoon,No,18.45,1106,94.8,54.3,3.2,44.8,55,344.0
Compressor,Night,No,4.46,976,85.3,112.7,1.42,61.2,73,329.8
Pump,Morning,No,8.79,503,47.6,53.2,2.82,46.5,93,213.4
Pump,Morning,No,15.67,618,63.6,51.4,1.69,48.5,15,259.3
CNC,Night,No,16.99,898,64.9,76.0,1.84,42.4,85,312.5
CNC,Afternoon,Yes,21.8,1013,95.7,77.0,2.41,51.2,59,286.4
Pump,Morning,No,10.86,1019,55.4,49.7,0.68,8.0,81,188.4
Conveyor,Afternoon,No,20.5,996,53.3,47.5,1.71,31.7,97,277.1
Compressor,Night,No,8.22,1092,100.0,123.7,6.08,64.4,14,401.7
Pump,Morning,No,6.52,544,59.0,48.0,2.48,46.2,62,217.3
Pump,Morning,No,20.7,769,49.3,53.8,0.69,44.9,14,260.4
Conveyor,Morning,No,12.73,525,51.7,49.8,5.54,34.2,15,212.8
Compressor,Afternoon,No,7.17,1145,73.5,79.2,1.44,50.3,15,292.6
Compressor,Afternoon,No,4.39,1337,77.6,83.2,5.25,10.4,78,280.2
Conveyor,Afternoon,No,10.5,655,44.5,38.0,1.98,60.4,83,221.8
Conveyor,Morning,No,6.74,669,52.2,34.9,1.68,56.8,36,165.9
Compressor,Afternoon,No,1.17,1127,98.9,88.0,6.06,69.1,61,331.2
Conveyor,Morning,No,16.81,512,67.8,36.6,0.41,76.5,52,274.9
CNC,Morning,No,8.64,718,68.8,52.5,0.74,66.2,5,243.7
Compressor,Afternoon,No,3.91,848,99.6,75.5,1.75,38.3,33,289.4
CNC,Afternoon,Yes,1.17,1059,60.9,63.4,4.35,31.6,62,238.2
CNC,Morning,No,11.11,862,45.3,77.1,7.04,49.6,74,288.6
Pump,Afternoon,No,8.06,859,58.7,68.6,3.6,73.1,81,245.2
CNC,Morning,Yes,8.55,831,93.0,73.9,1.91,45.5,44,243.8
Compressor,Morning,No,10.57,1068,82.4,78.2,0.2,57.7,28,326.4
Pump,Night,No,13.92,815,55.5,69.6,2.58,49.0,71,274.2
CNC,Afternoon,Yes,10.21,920,77.2,60.7,1.59,54.6,19,246.1
CNC,Afternoon,No,10.62,716,80.0,70.1,3.74,35.5,35,266.1
CNC,Morning,Yes,11.79,735,100.0,69.3,2.04,51.2,48,255.5
Conveyor,Morning,No,17.53,669,42.0,44.4,0.69,32.1,108,208.7
Conveyor,Morning,No,15.51,352,50.1,41.4,1.82,60.9,41,230.6
CNC,Morning,No,10.97,1088,86.0,64.9,2.27,74.7,96,294.3
Compressor,Afternoon,Yes,2.32,1218,98.9,70.0,7.17,70.2,28,296.4
CNC,Afternoon,Yes,15.72,941,57.1,69.8,2.2,54.1,61,258.1
Pump,Morning,Yes,23.94,901,45.6,56.5,4.64,14.5,85,281.9
Compressor,Afternoon,No,15.93,1109,90.9,93.7,2.43,15.3,100,351.5
CNC,Morning,No,13.1,1133,90.4,54.2,0.57,46.8,118,260.6
Pump,Morning,No,12.43,871,33.2,55.5,0.97,42.0,33,195.9
CNC,Morning,No,8.1,873,96.1,67.7,1.82,43.0,79,319.9
CNC,Night,No,20.06,768,85.7,80.1,5.19,71.1,41,342.5
CNC,Morning,No,12.5,970,66.9,78.6,3.15,67.2,80,282.5
Pump,Night,No,22.61,728,77.0,60.1,5.07,9.2,11,348.8
Pump,Afternoon,No,14.36,671,84.6,71.6,1.01,70.4,47,313.1
Pump,Afternoon,No,9.06,753,51.9,59.1,2.93,27.3,58,208.6
Pump,Afternoon,No,18.54,643,55.1,61.0,1.7,61.2,50,277.2
Compressor,Afternoon,No,17.33,1609,69.3,89.5,8.88,59.0,76,386.9
CNC,Morning,No,9.5,905,88.2,77.9,5.73,67.7,38,335.4
Pump,Afternoon,No,6.9,982,55.5,61.0,0.43,58.8,58,248.1
Compressor,Morning,No,17.14,1318,79.4,82.3,0.74,19.8,83,351.2
Compressor,Night,No,19.96,1592,71.4,72.7,7.41,81.4,55,390.6
Conveyor,Morning,No,17.34,678,68.7,40.3,6.46,72.1,85,311.2
Pump,Night,No,23.05,577,55.9,61.3,2.28,15.3,63,264.9
Conveyor,Morning,Yes,9.58,690,48.6,44.2,2.13,20.7,85,219.0
Conveyor,Afternoon,No,17.74,791,51.0,47.7,4.02,38.0,5,289.7
CNC,Afternoon,No,16.91,654,81.1,83.2,0.61,59.5,98,280.8
Pump,Night,No,1.55,827,76.7,45.6,4.28,53.6,14,269.6
CNC,Night,Yes,18.32,1306,85.4,80.4,3.05,61.2,80,327.8
Compressor,Morning,No,2.86,1337,83.3,66.8,3.83,26.1,8,294.1
Compressor,Night,No,3.36,1526,84.4,99.9,3.11,4.9,100,331.4
Conveyor,Night,No,8.59,615,51.7,56.7,0.9,57.1,38,174.5
CNC,Morning,No,17.16,738,80.4,45.9,0.61,37.6,117,266.1
Pump,Afternoon,No,12.4,809,73.5,63.1,0.18,34.2,96,246.7
Pump,Afternoon,Yes,13.64,775,49.7,46.7,4.31,56.7,57,280.4
Compressor,Afternoon,No,14.25,1375,81.3,92.8,1.57,17.3,22,363.9
Compressor,Night,No,11.65,1167,59.9,93.4,3.25,50.6,64,310.5
Compressor,Morning,No,13.06,988,89.5,84.0,7.24,91.4,62,362.4
CNC,Morning,No,14.36,1028,54.5,69.0,1.72,58.3,65,257.4
Conveyor,Night,No,10.93,749,56.1,38.8,3.64,21.8,59,253.0
Pump,Night,No,12.48,435,41.7,62.3,3.66,59.2,61,244.8
Pump,Night,No,12.03,521,54.6,43.7,0.92,52.3,72,201.3
CNC,Morning,No,17.12,1070,82.9,65.9,1.32,28.2,53,324.0
Pump,Night,No,14.03,962,56.4,57.9,1.57,45.1,8,237.2
Pump,Morning,Yes,1.6,645,66.2,56.7,2.31,47.0,77,207.1
CNC,Night,No,14.42,523,78.1,91.0,3.46,47.8,46,278.7
Pump,Afternoon,Yes,17.49,453,60.2,52.8,0.58,58.6,53,235.2
Conveyor,Night,No,8.73,635,42.7,55.0,1.26,0.0,32,186.9
Conveyor,Afternoon,No,3.71,505,55.2,42.5,0.57,29.4,25,182.1
Compressor,Morning,Yes,9.32,1416,71.3,78.3,1.08,51.5,52,359.7
Compressor,Morning,No,13.41,1060,100.0,90.4,1.25,31.5,83,356.2
Compressor,Afternoon,No,18.07,956,73.6,73.5,1.22,39.2,117,343.2
Pump,Morning,No,19.29,663,58.5,63.6,0.62,25.6,35,231.0
CNC,Afternoon,No,2.48,673,76.5,49.9,1.15,33.4,27,210.1
CNC,Afternoon,No,4.98,881,77.4,77.6,1.13,51.8,117,270.8
Pump,Morning,No,7.87,802,55.6,53.0,2.02,44.6,88,205.2
CNC,Night,Yes,4.35,560,80.0,72.6,1.15,38.5,13,227.7
CNC,Night,No,8.11,1057,80.1,71.0,4.31,46.9,64,234.2
Compressor,Afternoon,No,11.95,1252,58.5,97.3,1.29,62.7,108,313.7
Conveyor,Night,Yes,19.56,563,48.2,56.1,1.06,3.4,51,190.7
CNC,Morning,No,3.49,563,67.6,70.6,1.94,71.3,36,213.4
Compressor,Night,No,3.95,1077,100.0,82.6,0.35,57.5,68,346.5
Pump,Morning,Yes,19.83,701,76.6,61.4,1.38,34.5,71,297.3
CNC,Afternoon,No,1.27,856,81.6,78.6,3.83,23.4,111,239.4
Compressor,Night,No,10.46,1170,100.0,89.5,0.53,39.6,113,343.1
Compressor,Morning,No,3.64,1421,100.0,94.2,2.08,47.3,44,308.0
Conveyor,Afternoon,No,17.62,447,65.3,48.7,0.64,25.4,13,284.8
Compressor,Morning,Yes,15.8,811,100.0,67.2,0.69,46.2,90,327.6
Compressor,Afternoon,No,8.65,1293,100.0,87.9,2.04,42.3,34,314.0
Pump,Afternoon,No,8.28,883,49.0,57.6,0.43,43.3,68,164.7
Compressor,Morning,No,14.87,1093,100.0,75.2,12.79,4.8,43,386.1
Compressor,Afternoon,No,11.3,983,75.2,76.4,2.65,55.6,76,327.1
CNC,Morning,No,14.05,1112,90.0,56.0,2.12,23.0,7,302.8
CNC,Afternoon,No,20.32,952,79.2,62.6,3.11,8.1,96,284.4
CNC,Afternoon,No,17.57,813,100.0,80.7,0.81,44.2,119,316.6
Compressor,Afternoon,No,2.69,952,87.2,97.4,3.66,65.9,69,302.8
Compressor,Morning,No,8.12,1123,100.0,80.0,3.31,20.9,108,354.8
Pump,Afternoon,Yes,10.86,863,74.5,50.5,2.35,56.7,9,251.5
Compressor,Night,No,5.77,1531,94.2,84.7,4.57,24.7,70,348.9
Compressor,Night,No,1.75,1213,96.5,96.0,1.02,58.1,7,348.9
CNC,Night,No,23.47,903,56.6,78.9,2.93,45.4,18,271.9
Compressor,Afternoon,Yes,21.36,958,89.8,100.3,2.83,20.7,55,372.6
Pump,Morning,No,2.53,726,68.3,52.3,0.32,27.4,8,161.7
Pump,Night,Yes,4.24,593,47.5,48.9,1.08,59.9,117,161.4
CNC,Afternoon,No,19.6,1165,56.5,77.4,2.79,61.5,8,268.4
Pump,Afternoon,No,13.69,615,75.5,62.9,0.58,21.9,11,264.0
CNC,Morning,No,4.68,911,97.2,64.5,1.68,4.4,16,220.5
Compressor,Afternoon,Yes,22.27,1291,100.0,87.7,4.18,65.7,84,334.9
Compressor,Morning,Yes,14.36,1401,73.1,69.0,2.32,52.2,25,327.6
Conveyor,Afternoon,No,1.28,545,35.8,41.7,2.56,40.5,33,160.7
CNC,Morning,No,6.55,1309,80.9,76.3,1.88,42.3,63,289.4
Compressor,Morning,No,3.11,482,100.0,79.3,8.36,56.6,97,296.1
Pump,Morning,No,6.42,548,46.8,55.1,1.36,45.2,14,182.9
Pump,Afternoon,Yes,13.79,663,69.2,49.1,3.12,22.2,36,269.0
Compressor,Morning,No,22.61,1322,90.0,86.0,4.53,51.8,119,433.8
Pump,Afternoon,No,11.19,749,63.2,51.7,4.27,35.7,117,268.1
Compressor,Morning,Yes,10.68,1350,100.0,87.1,1.59,20.3,69,373.2
CNC,Night,Yes,19.94,861,78.0,78.4,4.5,9.2,86,316.6
CNC,Night,No,1.09,1071,70.4,67.7,1.96,59.8,4,267.7
Compressor,Afternoon,No,9.72,1332,95.1,86.7,6.35,31.7,118,334.9
Pump,Night,No,20.9,887,85.4,49.8,0.12,34.9,98,324.9
CNC,Afternoon,Yes,10.04,1098,87.2,50.1,0.88,59.5,45,259.0
Pump,Morning,No,15.08,1029,59.5,57.2,1.36,86.4,110,269.4
Compressor,Morning,No,18.51,950,79.9,79.3,0.75,23.5,56,289.6
CNC,Morning,No,9.68,990,61.6,69.0,0.9,25.7,51,261.3
CNC,Night,No,19.52,550,79.3,74.1,0.3,32.1,24,274.7
Conveyor,Afternoon,No,20.42,499,52.7,43.2,1.2,22.9,117,248.3
CNC,Afternoon,Yes,5.57,1318,79.2,72.1,0.63,82.4,39,288.5
Pump,Night,Yes,1.1,909,62.7,58.3,0.79,5.4,36,213.2
Pump,Morning,Yes,3.35,872,61.1,60.5,2.17,45.6,17,190.2
Conveyor,Afternoon,No,15.07,681,35.9,52.0,0.63,28.8,1,259.8
CNC,Morning,No,10.67,896,69.5,64.9,6.88,20.0,33,283.6
CNC,Morning,No,13.55,790,88.2,57.0,3.43,34.6,14,321.4
CNC,Morning,Yes,13.4,1024,66.7,67.9,2.11,29.4,78,250.9
Compressor,Afternoon,Yes,13.37,1298,97.3,96.3,9.34,45.3,27,383.1
Compressor,Afternoon,No,4.02,568,85.4,103.8,1.85,45.9,40,268.1
CNC,Night,No,8.19,690,94.3,54.5,1.46,46.1,104,300.1
Pump,Afternoon,Yes,8.41,834,44.9,68.9,1.26,80.6,30,238.6
Conveyor,Night,No,11.14,495,47.7,51.0,0.93,43.8,4,157.7
Conveyor,Night,No,1.92,610,61.3,50.8,0.77,46.3,90,213.5
Compressor,Afternoon,No,12.44,1571,100.0,95.4,0.77,49.3,90,374.8
CNC,Afternoon,No,15.75,1207,76.9,66.4,0.62,55.4,18,284.8
Compressor,Morning,No,20.34,1083,100.0,75.5,2.57,67.0,111,355.0
Pump,Night,No,16.62,614,72.7,55.9,1.17,29.6,41,275.8
Conveyor,Afternoon,No,10.62,779,58.0,51.8,0.87,41.0,7,241.8
CNC,Afternoon,No,10.61,1284,75.6,69.5,0.2,45.9,96,310.8
Pump,Afternoon,No,15.3,644,65.8,62.9,2.73,34.2,14,264.0
Pump,Morning,No,15.36,894,62.1,50.4,5.58,30.3,90,293.4
Compressor,Night,Yes,5.77,990,100.0,85.1,7.14,65.2,39,335.2
Compressor,Night,No,23.0,969,77.7,87.5,1.15,65.9,22,371.7
Compressor,Morning,No,7.84,1269,82.4,70.0,0.7,43.6,46,345.7
Compressor,Afternoon,No,15.27,1262,100.0,103.0,4.18,50.4,77,408.8
Compressor,Night,Yes,23.25,1147,80.2,101.1,2.79,38.6,60,377.2
Pump,Morning,No,18.02,642,37.2,65.5,1.72,55.9,40,190.6
Conveyor,Morning,No,15.1,356,65.0,42.7,1.55,51.9,56,212.2
Pump,Morning,No,2.39,1240,73.3,44.7,0.57,47.2,93,244.1
Pump,Night,No,23.07,773,62.1,54.2,2.49,49.3,66,325.0
Compressor,Night,No,12.85,1327,100.0,86.9,7.37,49.3,100,457.5
Compressor,Night,No,20.14,1549,71.0,110.9,1.49,53.7,61,413.2
Pump,Morning,No,16.28,672,64.1,45.2,1.49,29.4,53,238.1
CNC,Afternoon,No,22.46,890,70.7,65.9,2.43,14.6,61,377.4
CNC,Afternoon,Yes,15.15,839,67.0,78.0,6.56,66.9,70,295.1
Conveyor,Night,No,12.31,360,45.8,55.1,3.14,56.3,103,211.4
CNC,Morning,No,16.81,719,86.7,74.1,0.91,34.8,58,326.3
Compressor,Morning,No,1.84,1242,94.6,91.3,2.32,37.8,34,296.5
Compressor,Morning,Yes,1.45,1104,72.9,70.6,0.9,49.8,83,249.7
CNC,Night,No,7.45,1033,80.2,83.2,2.72,85.0,46,325.6
Pump,Night,Yes,13.95,738,66.1,58.2,0.87,65.3,61,248.7
Pump,Afternoon,No,8.1,905,51.0,60.3,2.34,55.0,24,256.9
Pump,Night,No,14.65,704,62.5,78.2,1.81,23.4,93,253.8
Conveyor,Morning,No,10.08,641,42.5,39.7,3.52,60.1,96,212.2
Conveyor,Afternoon,Yes,17.34,823,52.3,48.3,1.04,19.7,100,192.6
CNC,Morning,Yes,23.13,923,55.2,61.8,2.99,53.3,49,280.3
Pump,Afternoon,No,20.93,1111,64.2,70.5,1.12,98.9,37,318.3
Pump,Night,No,23.75,528,44.5,62.8,4.73,70.7,48,317.2
Compressor,Morning,No,20.78,937,100.0,73.0,7.97,27.2,99,388.8
Pump,Afternoon,Yes,14.06,694,42.3,57.2,0.51,50.5,46,230.6
Pump,Morning,No,3.77,741,57.1,50.9,2.1,58.9,14,185.6
Compressor,Night,No,16.4,1592,77.2,96.1,2.13,42.9,100,355.3
Compressor,Afternoon,No,22.16,1410,85.6,70.6,0.82,37.4,51,402.7
Compressor,Afternoon,No,15.58,1222,97.1,80.5,9.46,33.2,96,426.4
Pump,Morning,Yes,12.6,813,73.3,55.9,0.9,29.4,19,246.5
Compressor,Afternoon,No,3.39,834,100.0,87.7,5.18,0.7,55,256.0
CNC,Afternoon,Yes,15.71,978,83.4,53.0,1.44,36.5,33,289.9
Compressor,Morning,No,8.07,1573,80.0,63.4,0.62,61.2,68,310.8
Conveyor,Morning,No,22.32,542,38.3,40.3,2.62,19.9,113,241.1
Pump,Morning,No,17.61,645,75.3,62.2,1.57,39.9,78,287.2
Pump,Afternoon,No,6.95,788,85.8,64.6,2.04,49.2,115,293.0
CNC,Afternoon,No,18.54,1150,35.5,82.5,1.85,40.9,68,294.9
CNC,Morning,No,16.55,1275,63.2,61.8,7.46,67.4,61,290.6
CNC,Night,Yes,2.54,1207,86.5,58.7,3.71,37.6,104,275.9
Compressor,Morning,No,2.7,1044,68.1,90.0,4.07,61.4,47,293.8
Compressor,Afternoon,No,6.02,1706,89.6,87.5,3.43,40.3,55,369.7
CNC,Night,No,5.07,730,53.8,52.4,2.18,52.8,68,192.8
Conveyor,Afternoon,No,23.61,551,58.9,38.6,1.32,42.2,13,193.7
Pump,Night,Yes,16.96,823,57.6,52.2,1.99,88.9,91,233.0
Conveyor,Night,Yes,20.87,494,70.3,51.3,0.76,25.0,34,252.5
Conveyor,Morning,No,7.53,724,51.3,42.3,0.2,35.1,78,208.6
Conveyor,Morning,Yes,14.76,883,51.3,44.5,1.79,14.3,10,169.2
Pump,Morning,No,19.57,797,66.8,55.5,0.99,57.2,103,290.4
CNC,Afternoon,Yes,20.21,443,81.3,63.6,6.33,55.3,24,266.3
Pump,Night,Yes,10.73,755,46.2,71.2,2.19,47.9,39,200.3
Pump,Morning,No,2.6,848,48.4,51.2,1.2,41.1,60,186.9
CNC,Morning,Yes,21.68,955,72.6,74.0,0.85,62.7,17,346.9
Conveyor,Night,No,12.62,589,51.2,53.6,2.06,19.8,43,238.0
CNC,Night,No,20.0,941,42.4,52.7,2.16,102.4,72,285.1
Compressor,Afternoon,Yes,22.76,859,100.0,81.6,0.17,50.2,68,323.3
CNC,Night,No,3.68,956,84.7,73.3,7.87,53.3,41,329.6
Pump,Morning,No,6.48,727,61.1,55.6,1.49,26.1,98,207.5
Pump,Night,No,20.5,668,62.8,59.5,2.57,26.5,51,340.2
Compressor,Afternoon,No,14.42,1626,82.0,85.3,5.32,39.6,19,367.1
Pump,Morning,No,21.55,669,56.7,52.7,1.37,36.4,17,214.5
Pump,Night,Yes,14.44,925,45.2,60.9,0.87,38.2,44,247.4
CNC,Night,No,20.63,1073,66.0,73.9,6.91,25.1,110,345.5
CNC,Morning,Yes,7.36,1199,67.6,58.8,1.87,41.6,90,273.6
Compressor,Afternoon,No,4.2,496,100.0,80.6,4.26,22.0,81,319.2
Compressor,Morning,Yes,21.44,1100,84.2,62.8,3.0,54.3,100,352.1
Compressor,Morning,No,5.59,837,86.1,86.2,7.3,49.1,26,318.9
CNC,Afternoon,No,6.55,952,91.2,61.7,2.59,40.2,108,258.5
CNC,Morning,No,13.09,965,65.3,80.6,6.98,35.0,94,305.2
CNC,Morning,No,2.62,816,64.5,70.4,1.0,68.1,40,266.6
Conveyor,Night,Yes,15.48,900,53.6,41.4,4.11,12.2,81,273.5
Compressor,Afternoon,No,3.16,1374,100.0,75.8,0.61,54.1,56,321.2
Compressor,Night,No,13.34,1010,100.0,89.4,5.19,42.9,17,399.0
Conveyor,Afternoon,No,19.89,967,46.8,56.2,2.68,71.5,7,287.7
Conveyor,Afternoon,Yes,2.49,563,43.1,51.9,1.48,67.9,118,197.7
Compressor,Morning,Yes,17.02,1048,75.4,67.6,1.51,22.4,113,321.3
Pump,Morning,No,19.21,967,59.3,42.6,1.33,41.7,100,240.2
Conveyor,Afternoon,No,1.36,544,53.8,39.8,2.23,20.6,40,192.6
Compressor,Afternoon,Yes,23.22,1168,100.0,57.3,0.42,30.6,29,404.6
Compressor,Night,No,8.27,1200,90.8,93.4,0.13,45.9,67,343.0
CNC,Morning,No,13.51,1242,71.8,61.4,8.45,63.5,93,323.2
Pump,Afternoon,No,23.77,541,51.0,56.6,1.83,50.0,64,210.5
Pump,Afternoon,Yes,23.84,713,72.8,57.9,2.08,57.4,6,281.0
Pump,Morning,No,12.35,918,51.0,52.3,5.53,73.6,58,281.1
Pump,Night,No,16.9,718,71.2,48.8,2.52,67.5,54,285.2
Compressor,Afternoon,No,23.62,1147,74.3,75.8,8.35,36.7,16,404.9
Compressor,Morning,No,8.71,1317,83.2,78.1,3.11,17.0,96,325.9
Conveyor,Morning,No,3.02,599,59.4,38.9,2.5,25.3,108,213.5
CNC,Afternoon,No,21.02,846,79.1,71.1,6.41,33.8,39,336.6
CNC,Afternoon,No,1.08,739,80.4,68.0,0.88,19.6,30,208.7
Compressor,Night,No,20.24,1347,69.1,101.6,6.83,43.2,8,373.1
CNC,Morning,No,22.06,1082,71.1,71.6,4.01,57.2,34,384.0
Pump,Afternoon,Yes,6.29,733,69.3,45.6,3.86,52.7,84,231.6
CNC,Night,No,17.13,945,71.5,71.2,4.51,55.4,82,292.9
Pump,Morning,No,19.79,578,54.8,54.0,0.32,31.8,103,240.3
Pump,Afternoon,No,10.83,908,68.0,70.4,0.76,40.0,35,272.2
Conveyor,Morning,Yes,15.42,563,49.3,37.1,0.88,42.0,49,195.1
Compressor,Night,No,6.96,1200,100.0,94.5,3.65,76.7,74,367.2
Compressor,Morning,No,4.7,1263,100.0,85.1,5.15,23.2,99,397.8
Compressor,Afternoon,No,1.07,1290,73.9,84.8,1.66,22.3,101,261.2
Pump,Afternoon,No,14.45,1195,61.8,58.5,1.82,32.6,106,314.3
Conveyor,Night,No,3.75,705,65.4,53.8,5.51,56.0,35,267.0
CNC,Afternoon,No,19.77,619,56.3,73.6,2.88,25.3,1,261.6
Compressor,Morning,Yes,12.79,1221,83.0,76.8,2.7,74.2,89,372.8
CNC,Afternoon,No,19.18,1076,75.6,70.3,0.67,52.3,2,320.8
Pump,Afternoon,No,6.67,518,51.3,50.7,0.66,59.3,41,140.5
CNC,Afternoon,No,3.15,813,60.9,71.0,1.1,44.1,95,214.5
Compressor,Afternoon,Yes,14.55,1182,81.8,96.3,6.05,34.3,28,360.7
CNC,Night,Yes,21.84,1048,55.9,90.5,2.0,30.0,81,317.5
Pump,Morning,No,10.48,640,80.5,60.7,4.69,70.4,33,277.9
CNC,Afternoon,No,16.03,961,69.7,71.1,0.54,0.0,90,201.2
CNC,Afternoon,No,12.62,987,65.2,74.4,3.57,23.0,114,296.6
Compressor,Night,Yes,15.81,1378,100.0,85.6,1.06,53.6,16,402.1
Pump,Morning,No,19.37,987,66.3,42.5,0.21,55.7,9,263.4
Pump,Afternoon,No,2.39,791,63.1,68.1,1.43,52.1,17,256.8
Compressor,Morning,Yes,18.21,1479,84.3,76.2,4.01,27.6,29,377.8
Pump,Night,No,21.56,678,40.8,50.6,0.89,36.0,77,280.4
CNC,Morning,No,19.0,840,62.3,69.2,0.81,34.5,36,288.9
Conveyor,Night,No,22.85,628,56.1,43.6,2.25,29.1,83,235.1
Pump,Night,No,9.65,598,50.2,52.9,1.48,62.8,115,272.5
CNC,Morning,No,11.4,895,71.2,67.6,7.34,92.9,87,308.3
CNC,Afternoon,No,18.08,982,67.1,50.9,7.88,43.1,71,328.5
Pump,Morning,No,5.44,944,48.4,54.7,3.62,63.7,13,198.1
CNC,Afternoon,No,6.16,998,66.8,65.7,6.92,90.7,55,315.6
Compressor,Morning,No,11.24,1291,100.0,68.8,0.66,46.9,90,343.6
Conveyor,Afternoon,Yes,13.56,725,46.6,36.5,2.67,41.9,1,205.7
Compressor,Night,No,17.36,786,100.0,66.1,1.61,31.1,71,351.1
CNC,Morning,No,8.27,917,96.5,67.6,4.17,57.5,112,284.6
CNC,Afternoon,No,12.16,1116,58.4,62.9,0.28,97.3,4,264.4
Compressor,Afternoon,Yes,8.25,1328,89.5,84.2,2.31,66.1,86,344.9
Compressor,Night,No,8.74,1355,100.0,95.7,4.02,51.1,57,398.0
Compressor,Afternoon,No,1.7,1180,82.7,86.2,7.96,47.0,50,258.0
Compressor,Morning,No,19.55,1289,100.0,77.5,2.87,51.6,25,399.5
Pump,Night,No,16.01,723,62.6,83.9,2.07,72.9,78,312.8
Pump,Afternoon,No,15.16,384,48.8,54.2,0.92,35.7,43,218.7
Conveyor,Morning,No,11.41,768,53.0,41.9,1.23,22.4,7,211.1
CNC,Night,No,16.27,1111,86.6,98.5,2.02,52.2,81,322.6
Pump,Afternoon,No,6.21,608,57.0,50.7,3.36,68.5,54,231.0
Pump,Afternoon,No,10.3,718,44.9,64.5,0.47,45.3,49,183.7
Conveyor,Morning,Yes,2.46,518,57.7,53.5,1.67,32.6,20,163.9
Pump,Afternoon,No,1.92,972,72.0,51.6,2.24,38.3,49,259.8
CNC,Afternoon,No,1.15,736,66.5,62.2,3.24,47.2,89,241.7
Conveyor,Morning,No,11.11,741,46.4,50.4,0.43,35.0,85,166.6
Pump,Afternoon,No,23.01,637,67.2,55.6,3.69,74.1,33,269.4
Pump,Night,No,3.52,1051,65.8,52.6,1.75,62.9,16,232.9
Pump,Afternoon,No,16.98,891,80.6,67.9,2.78,57.8,18,270.8
CNC,Morning,No,3.11,975,64.9,50.2,6.43,46.4,35,236.1
Pump,Morning,Yes,17.47,573,53.3,48.7,1.01,57.5,48,225.7
Compressor,Morning,No,23.04,1480,100.0,81.7,1.02,10.5,64,472.6
Pump,Night,No,15.63,774,72.3,61.8,2.28,59.7,76,244.1
Pump,Morning,No,3.89,527,63.3,49.8,3.03,12.6,99,230.3
CNC,Morning,Yes,21.64,957,72.8,63.9,1.91,55.6,61,276.7
Conveyor,Night,No,8.95,751,60.9,56.7,2.84,47.9,103,251.0
Conveyor,Night,No,7.75,734,55.1,50.4,1.43,54.4,51,217.7
Compressor,Afternoon,No,2.96,1298,100.0,78.6,2.84,55.1,114,300.5
Compressor,Morning,No,12.62,1278,82.7,71.8,3.66,33.2,112,300.7
Conveyor,Morning,No,9.03,663,52.8,42.8,0.83,45.6,46,207.9
CNC,Afternoon,No,20.09,1123,92.3,89.0,1.55,15.8,49,378.0
CNC,Morning,No,1.53,805,88.3,72.2,5.12,52.0,111,259.9
CNC,Night,No,7.33,632,66.6,72.7,1.98,66.0,87,248.7
Compressor,Morning,Yes,21.15,1100,78.1,82.5,5.6,40.7,106,392.6
CNC,Night,No,9.08,929,52.0,77.1,2.73,22.2,101,252.9
Compressor,Night,No,18.98,888,88.0,90.2,3.06,4.0,64,349.9
CNC,Morning,Yes,22.12,885,86.7,69.9,2.98,62.9,6,364.4
CNC,Night,No,13.86,557,50.6,74.3,1.8,42.8,19,262.4
Conveyor,Afternoon,No,18.41,561,45.5,42.7,0.98,39.0,1,250.5
Pump,Night,No,15.56,893,48.8,63.5,0.75,68.4,43,251.3
Compressor,Night,No,10.67,882,98.7,97.2,0.8,43.7,45,336.0
Pump,Morning,Yes,1.92,699,47.8,57.6,3.66,65.1,7,212.3
Compressor,Night,No,3.36,1323,90.0,111.6,8.19,45.5,58,396.2
Conveyor,Morning,No,15.45,834,41.7,43.0,0.65,35.8,58,236.1
Compressor,Night,Yes,9.1,1269,100.0,79.2,3.56,76.0,111,333.9
Pump,Morning,No,7.56,484,60.7,53.5,3.27,63.4,46,204.7
CNC,Morning,No,21.98,902,55.6,72.6,0.59,68.2,36,331.0
Compressor,Morning,No,15.77,1455,84.3,87.9,0.47,52.4,61,380.1
Pump,Afternoon,Yes,20.17,676,69.6,52.0,1.67,0.0,70,293.5
Conveyor,Morning,No,2.91,716,64.3,54.2,0.72,33.7,81,207.8
Compressor,Morning,No,5.8,1234,100.0,79.3,2.7,62.7,29,349.0
Compressor,Morning,No,7.93,715,87.6,86.1,2.26,67.2,85,306.2
Compressor,Morning,No,17.17,1002,98.7,75.7,4.63,55.3,61,291.0
Compressor,Afternoon,No,19.57,914,100.0,77.9,1.96,60.9,79,376.5
Pump,Night,No,12.71,745,63.1,55.3,2.37,59.4,111,268.2
Pump,Afternoon,No,18.19,872,80.3,59.2,3.5,35.2,93,368.9
Compressor,Morning,No,15.52,1141,100.0,81.9,1.17,68.8,9,378.8
CNC,Morning,No,10.98,1123,72.0,50.6,4.6,77.3,107,328.0
CNC,Afternoon,No,22.61,643,85.4,67.2,1.87,40.8,119,290.1
Conveyor,Afternoon,No,23.79,513,46.3,43.8,6.28,51.2,58,251.0
Compressor,Afternoon,No,15.86,1132,100.0,80.6,4.26,50.5,39,385.1
Conveyor,Night,Yes,3.4,777,59.0,51.5,2.5,57.5,68,233.3
Pump,Morning,No,13.92,659,57.6,56.3,1.14,64.2,65,243.8
Compressor,Morning,Yes,16.86,1314,93.4,75.2,1.69,32.1,93,357.0
Compressor,Afternoon,No,15.29,826,100.0,96.5,4.02,27.0,98,381.3
Conveyor,Morning,No,11.24,773,45.7,41.5,1.24,55.4,7,241.9
Conveyor,Afternoon,No,11.74,936,70.2,47.1,0.63,55.4,33,239.8
CNC,Morning,No,18.29,921,68.6,65.0,4.7,61.6,58,317.0
Conveyor,Night,Yes,22.29,689,47.8,43.1,2.12,47.6,35,249.5
Pump,Morning,No,3.92,1001,73.8,57.1,1.11,29.7,101,275.9
Compressor,Night,No,15.02,1479,85.5,106.3,3.43,72.8,91,363.7
Conveyor,Afternoon,No,15.06,691,58.7,44.8,2.23,34.1,102,215.1
Pump,Night,No,3.89,1207,72.2,71.1,1.49,95.2,63,251.1
Compressor,Morning,Yes,1.47,1341,88.4,86.3,1.66,48.3,6,329.8
Conveyor,Morning,No,5.42,675,54.4,37.3,0.41,35.8,27,181.4
Compressor,Afternoon,No,19.96,1300,84.6,96.8,8.0,24.1,109,408.0
Compressor,Morning,No,17.1,1242,100.0,85.7,1.45,57.7,11,350.1
Compressor,Afternoon,No,19.82,1215,80.9,91.6,1.19,56.4,42,351.9
Compressor,Morning,No,12.61,1131,96.9,79.8,4.84,46.2,13,371.1
Conveyor,Afternoon,No,6.83,904,64.2,41.7,0.32,25.5,88,284.5
Compressor,Afternoon,No,23.71,1181,97.3,77.6,1.87,38.5,49,387.5
CNC,Afternoon,No,23.91,1002,62.2,57.4,2.12,24.4,106,308.8
CNC,Night,Yes,7.38,895,89.4,62.1,2.51,19.2,69,272.1
CNC,Afternoon,No,8.08,1011,55.8,49.9,5.57,61.8,60,241.1
Conveyor,Morning,No,23.67,617,56.1,49.1,0.31,63.3,28,294.9
Conveyor,Night,No,21.98,720,48.1,59.5,1.25,37.9,47,236.9
Compressor,Morning,No,6.9,1115,100.0,73.3,1.71,2.8,3,315.5
Conveyor,Night,No,20.62,600,60.9,48.3,2.56,7.8,17,251.2
Conveyor,Morning,No,23.75,533,67.2,46.4,0.33,89.0,53,249.2
Pump,Afternoon,No,19.99,784,65.8,63.3,2.42,55.9,32,265.5
Conveyor,Morning,No,2.55,528,67.3,43.3,0.31,58.2,21,164.5
CNC,Afternoon,No,11.87,1098,84.6,72.4,5.78,49.1,115,305.1
Conveyor,Night,No,19.75,609,61.6,56.9,4.05,23.7,81,297.7
Pump,Night,No,1.46,689,47.1,55.7,2.96,23.3,86,249.1
CNC,Afternoon,Yes,17.67,1033,79.9,68.2,5.43,63.9,91,333.8
CNC,Afternoon,No,14.31,1101,100.0,59.7,0.84,45.9,83,302.2
Compressor,Night,No,13.96,1171,96.5,93.7,4.4,38.4,69,402.3
Conveyor,Afternoon,No,13.6,369,45.5,32.2,0.67,37.4,1,195.2
Compressor,Morning,No,13.37,972,96.4,73.8,3.58,58.3,25,296.7
CNC,Night,Yes,11.54,781,76.1,70.1,0.77,33.7,118,242.6
CNC,Night,No,1.95,851,74.1,61.9,0.59,36.6,32,210.7
Pump,Morning,No,18.91,769,55.4,54.5,1.49,55.1,111,291.7
Conveyor,Afternoon,No,4.8,703,48.1,40.3,1.08,52.3,115,195.3
Compressor,Night,Yes,11.55,1133,82.7,80.7,0.47,25.0,96,317.6
Compressor,Afternoon,No,20.9,1270,71.1,82.6,2.91,66.0,30,355.9
Conveyor,Night,No,7.79,762,54.2,48.4,0.72,65.7,76,248.2
CNC,Afternoon,No,14.6,991,94.6,78.4,7.76,53.5,75,333.8
Pump,Morning,No,14.68,991,45.7,58.6,0.61,43.1,71,189.1
CNC,Afternoon,Yes,22.04,1073,59.2,59.9,0.7,57.4,118,283.8
Pump,Night,No,2.06,572,53.5,57.4,1.82,10.3,45,217.7
Conveyor,Morning,Yes,14.27,848,47.6,41.7,3.23,46.5,12,226.9
Compressor,Morning,No,14.08,1577,82.8,73.8,4.29,42.2,104,358.4
Pump,Morning,No,4.87,785,64.7,58.3,3.28,8.5,43,242.7
Compressor,Night,No,8.79,1606,83.4,67.9,4.3,9.5,20,324.7
Compressor,Morning,No,13.28,889,100.0,84.7,1.87,51.8,98,344.9
Pump,Night,No,9.49,888,55.8,55.7,1.73,50.7,50,222.6
CNC,Night,Yes,13.68,799,29.2,61.8,3.23,38.4,119,176.2
Conveyor,Morning,Yes,21.54,647,64.1,41.0,1.55,57.0,104,250.2
Compressor,Night,No,16.72,891,100.0,98.0,1.65,18.2,70,347.3
CNC,Afternoon,No,6.41,1022,26.9,68.7,0.43,13.5,57,200.3
Compressor,Morning,Yes,8.74,971,88.0,68.9,5.26,52.0,6,327.9
Compressor,Night,No,9.76,1490,100.0,79.6,3.23,43.8,62,350.5
CNC,Morning,No,7.25,805,72.7,72.6,2.6,16.0,27,245.3
Pump,Night,No,18.97,880,72.3,64.8,0.9,60.7,44,314.4
Conveyor,Afternoon,No,15.3,519,53.3,42.0,1.93,34.9,74,255.4
Compressor,Afternoon,No,7.27,918,50.4,80.3,0.7,58.3,94,247.1
Compressor,Night,No,20.71,1211,48.8,77.2,3.99,40.8,43,339.3
CNC,Morning,No,12.28,1260,90.7,73.6,1.27,40.3,53,293.3
CNC,Morning,No,13.52,1026,99.8,58.3,3.06,23.0,109,354.8
Conveyor,Afternoon,No,3.88,618,44.6,48.0,1.42,62.3,82,184.9
CNC,Afternoon,No,7.21,842,81.2,56.0,0.71,55.6,64,256.1
Conveyor,Morning,No,22.9,874,51.9,45.7,2.86,36.7,13,243.2
CNC,Morning,No,13.1,719,71.6,63.8,2.17,90.3,14,310.6
Compressor,Afternoon,No,23.17,1198,79.6,83.5,3.26,67.8,63,382.3
CNC,Afternoon,No,17.39,1314,77.9,79.0,0.95,35.2,94,357.3
Conveyor,Morning,Yes,18.53,497,43.6,53.0,0.75,61.4,39,193.9
Compressor,Afternoon,Yes,19.52,1264,89.5,102.1,5.49,24.2,88,413.1
Compressor,Night,No,2.03,948,73.6,100.6,5.76,23.5,64,348.8
Pump,Night,No,8.34,865,40.8,54.2,4.97,46.1,66,243.2
Compressor,Night,No,18.38,1514,93.8,95.7,4.49,57.7,6,411.1
Compressor,Morning,Yes,17.45,1802,88.5,63.4,4.54,16.7,116,404.6
Compressor,Morning,No,23.83,1491,100.0,92.3,1.02,42.0,115,438.1
Pump,Afternoon,No,18.66,843,64.1,59.3,1.93,60.5,117,290.2
CNC,Morning,No,21.6,911,77.2,66.4,1.41,68.8,56,288.4
Compressor,Afternoon,No,8.16,1000,84.3,101.0,2.97,64.9,42,324.8
Conveyor,Morning,No,10.46,440,48.4,54.3,2.09,27.3,25,175.3
Pump,Afternoon,Yes,14.98,979,67.6,56.0,0.45,14.1,39,215.3
Pump,Night,No,19.61,448,51.8,64.5,2.13,41.9,98,227.0
CNC,Afternoon,No,13.56,1118,83.7,71.0,1.3,32.4,77,291.3
CNC,Night,No,16.21,1003,79.3,64.4,2.86,44.9,8,290.3
CNC,Afternoon,No,16.65,1312,69.1,61.5,0.78,72.9,10,299.8
Compressor,Night,No,7.91,1124,83.3,65.6,3.52,20.6,15,271.0
CNC,Night,No,15.8,1138,74.8,59.5,3.16,55.0,1,349.1
Conveyor,Afternoon,No,13.67,804,45.7,49.6,0.45,57.7,112,227.3
Pump,Morning,No,13.28,888,68.2,53.0,2.44,30.4,102,315.8
Compressor,Afternoon,No,1.06,1132,100.0,85.9,4.11,44.2,117,291.5
Compressor,Afternoon,No,14.46,1190,100.0,74.8,1.43,62.1,52,325.5
Pump,Afternoon,No,20.22,512,67.9,54.9,0.99,46.3,6,240.5
Pump,Afternoon,No,18.02,878,43.8,58.5,1.01,80.4,44,243.7
Pump,Night,No,22.19,863,79.2,55.6,7.93,96.5,25,340.5
Conveyor,Night,No,14.12,531,64.0,54.9,3.31,53.1,4,284.8
CNC,Afternoon,Yes,16.11,1019,78.6,70.5,5.67,21.4,31,330.8
Conveyor,Night,No,3.22,763,48.5,58.7,0.18,43.2,119,182.2
CNC,Night,No,22.43,985,58.1,69.7,2.18,32.5,92,312.3
Compressor,Night,No,18.2,744,92.1,104.9,10.55,16.8,111,385.0
CNC,Night,No,7.1,1279,75.8,77.4,1.39,57.3,51,241.3
Pump,Morning,No,2.28,729,65.1,51.9,0.85,36.7,11,180.3
Compressor,Morning,No,14.03,1252,97.2,82.3,3.3,39.1,82,353.4
Conveyor,Night,No,1.05,444,38.7,46.8,0.72,17.4,119,141.8
Pump,Afternoon,No,2.55,539,67.2,48.3,1.92,33.8,42,164.4
Compressor,Morning,No,4.49,1062,80.5,82.9,3.11,51.5,61,292.8
Pump,Night,No,12.07,739,62.2,55.8,1.33,46.0,102,255.9
CNC,Afternoon,No,15.11,915,68.9,71.0,1.62,48.2,67,325.9
Conveyor,Morning,No,13.6,606,46.5,52.7,1.49,26.0,70,225.3
Conveyor,Night,No,21.4,736,44.0,47.3,5.59,16.9,118,217.5
Conveyor,Afternoon,No,22.24,711,49.2,40.2,0.99,65.3,99,291.0
Conveyor,Morning,No,14.27,837,43.5,50.7,2.65,70.7,100,284.7
Conveyor,Morning,No,10.3,733,55.0,46.3,0.4,26.1,32,205.4
Compressor,Night,No,18.0,1068,100.0,87.2,1.31,44.7,49,352.3
Pump,Morning,Yes,1.44,845,71.7,53.1,3.95,14.4,108,234.5
Pump,Night,Yes,22.64,929,70.2,63.1,2.43,79.0,15,291.3
Pump,Morning,No,15.79,1128,53.8,67.2,2.13,39.1,62,245.0
Pump,Afternoon,No,1.85,696,63.4,52.0,2.11,30.8,23,201.1
Compressor,Night,No,20.27,1373,100.0,110.8,3.6,40.7,51,444.2
Conveyor,Afternoon,No,3.52,581,53.7,46.1,0.71,64.9,17,166.2
Compressor,Afternoon,No,19.92,1293,95.7,72.4,2.1,17.1,97,378.9
Compressor,Afternoon,Yes,22.3,929,96.1,82.9,3.15,43.0,114,434.1
CNC,Morning,No,21.16,1145,75.5,73.6,1.08,32.2,48,306.3
Conveyor,Night,No,8.99,593,43.0,49.8,1.49,31.4,21,216.4
Compressor,Morning,No,9.03,1110,78.3,74.0,2.81,52.4,86,303.1
Compressor,Night,No,15.55,1619,100.0,122.5,1.36,75.2,104,459.9
Conveyor,Night,No,21.69,780,49.9,39.4,0.54,29.2,31,263.5
Pump,Morning,No,17.31,500,55.5,47.3,2.71,63.5,70,268.9
CNC,Morning,No,3.11,817,55.7,73.8,2.88,36.1,84,205.9
Compressor,Night,Yes,12.57,1178,100.0,91.1,1.52,37.3,26,350.1
Conveyor,Night,No,5.5,648,54.9,44.7,2.08,41.1,28,218.4
Conveyor,Morning,Yes,14.2,582,53.4,36.0,0.69,39.8,54,267.9
CNC,Morning,No,7.0,935,71.6,73.4,3.15,22.3,60,287.7
Compressor,Morning,No,10.9,1285,81.2,66.4,1.9,43.1,108,363.2
CNC,Morning,No,15.12,1265,78.4,66.2,1.31,72.9,67,313.4
CNC,Morning,No,5.16,731,45.9,73.5,1.92,36.8,113,233.1
Pump,Morning,No,20.62,725,60.0,42.3,3.8,83.8,5,235.5
CNC,Afternoon,No,7.79,1140,78.9,78.4,1.46,27.4,68,293.2
Pump,Night,No,20.01,1024,54.0,56.0,1.67,64.3,113,345.6
Pump,Afternoon,No,4.25,913,53.3,49.5,0.11,40.8,35,217.3
Conveyor,Morning,No,17.41,433,41.1,43.5,2.53,36.9,119,249.2
Conveyor,Morning,Yes,19.3,567,50.0,36.8,1.23,52.6,8,225.3
Compressor,Night,No,2.64,881,97.5,95.3,5.66,47.7,76,322.8
CNC,Afternoon,No,13.36,997,92.5,70.7,3.76,32.4,108,331.0
Pump,Morning,Yes,21.31,959,76.5,56.8,3.36,27.3,114,324.3
Pump,Morning,Yes,12.58,532,71.9,59.9,1.25,68.6,112,224.3
Conveyor,Morning,No,4.07,344,52.2,43.5,2.26,33.2,36,219.4
Conveyor,Afternoon,No,6.87,430,44.0,45.5,1.48,10.0,89,164.1
Conveyor,Morning,No,4.59,584,56.2,38.7,2.82,38.2,94,177.1
Conveyor,Morning,Yes,1.44,770,51.1,47.5,0.62,81.0,108,209.1
Compressor,Morning,No,8.1,945,100.0,74.1,0.6,21.3,103,282.8
Compressor,Morning,No,6.29,817,100.0,74.5,9.47,23.4,96,382.0
Pump,Morning,No,17.83,744,63.1,46.9,4.28,54.7,20,241.7
Compressor,Morning,Yes,15.39,1040,72.9,76.0,0.73,35.1,46,298.1
Pump,Afternoon,Yes,5.58,836,43.9,52.6,5.34,23.4,42,173.3
Pump,Afternoon,No,16.31,977,75.4,45.4,0.19,32.0,46,268.7
CNC,Afternoon,No,4.13,784,85.3,53.0,7.54,61.8,101,253.4
CNC,Morning,No,2.31,981,53.2,59.2,1.39,43.3,118,262.9
CNC,Morning,No,14.16,730,74.8,66.6,2.16,43.4,14,242.6
Pump,Afternoon,No,4.64,691,43.7,58.4,2.41,54.7,61,167.7
Pump,Morning,No,20.77,590,53.5,44.5,1.95,17.8,118,279.4
Pump,Morning,No,8.97,701,65.8,55.2,1.23,23.6,68,212.1
Conveyor,Night,Yes,9.97,589,52.8,48.7,1.73,37.0,30,134.2
CNC,Morning,No,5.55,1009,93.6,72.1,1.27,47.2,67,272.6
Pump,Morning,No,21.71,762,44.3,49.1,3.72,27.5,110,259.3
CNC,Night,Yes,13.88,821,41.9,87.5,5.11,62.8,82,260.3
Conveyor,Afternoon,No,15.43,496,67.2,44.1,3.09,46.8,106,263.6
Pump,Night,No,6.81,1121,63.1,59.2,2.05,49.9,118,232.4
Compressor,Morning,No,10.89,1170,96.2,64.4,1.38,38.7,102,309.3
Conveyor,Morning,No,7.96,485,53.1,46.1,1.28,36.9,105,198.7
Compressor,Night,No,17.13,1419,74.0,84.9,2.1,21.6,76,343.4
Pump,Night,No,2.85,550,38.0,47.3,4.03,65.4,20,154.4
Pump,Night,No,22.5,868,54.1,62.0,2.55,20.2,19,256.1
Compressor,Night,Yes,5.78,1384,70.5,90.7,3.98,24.0,44,311.2
Pump,Morning,No,7.75,672,41.1,52.8,1.07,28.2,108,173.9
Compressor,Night,No,18.55,1528,87.8,111.3,2.22,36.1,84,394.5
CNC,Morning,No,4.43,1649,61.2,52.8,2.59,73.8,16,284.5
CNC,Afternoon,No,1.9,830,91.5,81.7,0.14,18.9,31,280.6
Pump,Afternoon,Yes,5.79,841,73.9,67.9,0.61,43.8,34,254.7
Compressor,Morning,No,15.97,986,100.0,52.5,3.87,58.3,102,363.1
Conveyor,Afternoon,No,3.02,567,46.5,42.7,1.26,26.4,98,164.4
CNC,Morning,No,22.55,949,92.3,72.4,5.82,55.8,118,345.4
Conveyor,Afternoon,No,19.07,723,32.4,44.5,1.57,31.5,61,212.3
Compressor,Morning,No,22.56,1041,100.0,57.1,1.94,53.8,110,409.0
Pump,Afternoon,No,7.03,722,64.7,53.2,1.38,48.9,73,264.8
Conveyor,Afternoon,Yes,11.08,685,49.8,52.2,1.03,9.1,117,184.9
Compressor,Morning,Yes,11.71,1465,94.9,96.6,7.0,83.6,110,369.8
Compressor,Afternoon,Yes,6.64,1257,99.8,79.3,3.16,63.4,65,315.5
CNC,Morning,No,22.33,729,82.1,79.3,3.71,56.0,118,361.2
Compressor,Afternoon,No,21.49,1220,94.9,96.1,1.66,94.7,36,399.8
Compressor,Afternoon,Yes,17.56,861,100.0,73.4,7.63,35.0,56,365.9
Compressor,Night,No,19.34,1345,99.8,99.1,4.37,46.4,30,423.2
Conveyor,Night,No,14.63,631,52.1,55.6,0.53,22.7,10,232.1
Compressor,Night,No,17.58,1065,64.0,86.4,4.07,40.2,64,319.9
Compressor,Afternoon,No,23.41,1014,67.1,80.4,3.83,66.7,59,383.5
Pump,Morning,No,4.27,843,56.9,56.3,1.74,70.7,94,216.8
CNC,Afternoon,No,5.05,982,74.4,76.1,2.89,45.1,109,304.4
Compressor,Afternoon,No,19.21,1224,87.6,79.6,3.97,28.0,24,388.8
Compressor,Afternoon,No,1.26,1205,87.3,94.7,1.66,46.3,55,330.9
Compressor,Afternoon,No,2.94,1115,100.0,98.3,3.68,62.8,1,294.9
CNC,Night,No,18.29,892,93.5,64.0,7.05,34.3,6,349.1
Conveyor,Afternoon,Yes,6.4,698,43.1,49.6,1.97,58.9,42,209.1
CNC,Night,No,18.71,959,47.0,72.2,1.54,46.1,27,267.9
Pump,Night,No,10.45,954,68.7,53.9,1.53,45.7,72,277.9
Conveyor,Afternoon,No,13.13,518,40.8,51.4,1.14,7.3,24,204.3
CNC,Morning,No,20.71,915,60.9,51.0,3.31,55.4,92,256.1
Pump,Afternoon,Yes,10.24,780,54.9,54.8,1.63,40.9,85,181.8
Conveyor,Morning,No,14.01,611,66.5,60.9,0.92,66.8,62,238.1
Pump,Morning,No,14.21,696,77.7,47.4,3.96,53.5,95,252.4
CNC,Night,Yes,12.54,939,80.1,76.4,7.4,57.2,95,341.2
CNC,Night,No,5.84,973,71.4,56.4,0.46,46.5,18,241.8
Pump,Night,No,23.48,885,77.8,53.5,4.37,45.0,38,337.4
Conveyor,Morning,No,2.61,599,58.9,48.8,2.43,49.2,102,170.3
CNC,Afternoon,No,22.52,872,58.8,73.1,9.19,0.0,59,350.7
Compressor,Night,Yes,8.06,929,100.0,80.2,0.7,34.1,36,336.5
CNC,Morning,No,3.7,1065,66.2,52.6,3.02,39.8,83,229.7
CNC,Morning,No,9.23,1229,67.8,76.7,0.96,20.8,30,280.2
Compressor,Night,No,22.04,1250,88.6,95.4,5.78,32.8,73,413.2
CNC,Night,No,15.93,803,72.4,71.5,1.41,59.5,105,321.8
Conveyor,Night,No,17.94,532,39.8,48.9,1.53,31.9,73,241.8
Compressor,Afternoon,Yes,4.16,917,100.0,72.6,3.26,24.2,110,286.7
Pump,Afternoon,No,17.9,780,42.5,44.1,3.7,35.0,84,256.1
Pump,Night,No,2.25,512,60.1,67.6,2.5,48.3,23,223.3
CNC,Night,No,17.7,1421,54.5,80.6,5.39,41.1,1,345.7
Compressor,Afternoon,No,22.21,1061,100.0,82.6,5.98,57.0,14,434.0
Conveyor,Afternoon,No,7.35,747,46.7,37.6,0.3,46.2,92,154.7
Compressor,Night,Yes,18.16,1434,98.3,84.5,1.02,30.3,28,361.5
Compressor,Night,No,1.13,944,80.3,88.9,3.11,48.5,84,290.0
CNC,Afternoon,No,17.86,1054,66.0,68.2,0.75,93.7,67,336.6
CNC,Morning,No,20.23,788,67.0,71.1,2.42,49.8,9,273.7
CNC,Morning,No,2.39,1041,72.5,65.4,2.46,52.9,103,258.9
Compressor,Morning,No,14.29,881,98.1,104.2,3.97,34.9,11,340.6
Compressor,Morning,No,5.15,675,92.2,80.4,1.01,62.8,3,252.2
Compressor,Afternoon,No,16.95,1074,72.7,79.9,9.07,40.9,26,351.1
CNC,Afternoon,No,8.01,998,94.1,68.7,2.41,60.7,56,339.0
CNC,Morning,No,11.73,1041,74.2,55.2,2.01,13.8,59,255.6
Pump,Morning,No,13.59,796,56.6,56.9,0.34,14.3,74,250.7
Compressor,Afternoon,Yes,6.84,1025,94.4,86.6,2.27,35.8,89,301.5
Conveyor,Night,No,18.55,743,51.7,51.9,1.55,40.0,42,264.2
Compressor,Night,No,1.26,873,97.2,96.2,2.42,59.8,49,278.8
CNC,Night,No,2.63,766,76.6,65.4,2.61,11.1,64,245.4
Pump,Afternoon,Yes,6.98,692,71.9,57.4,1.32,76.8,101,222.8
CNC,Morning,No,9.72,875,67.0,64.0,5.17,37.2,103,277.6
Pump,Night,No,14.51,803,60.2,55.3,4.33,51.5,17,256.6
Conveyor,Afternoon,No,14.38,720,52.6,44.4,2.63,45.8,2,280.8
Conveyor,Night,No,7.81,646,55.5,45.7,0.84,37.8,48,210.1
Compressor,Afternoon,Yes,20.27,1270,100.0,99.5,2.0,44.1,109,383.3
CNC,Morning,No,8.64,786,76.1,73.8,4.63,44.9,105,312.9
CNC,Morning,No,11.46,904,67.6,63.2,2.87,19.7,97,260.7
Conveyor,Night,No,4.79,661,57.5,40.6,3.26,37.5,119,202.1
Pump,Morning,No,5.62,683,76.4,52.9,5.84,70.5,29,267.2
CNC,Afternoon,No,18.71,1166,67.9,60.4,5.1,71.4,9,308.9
Conveyor,Morning,Yes,7.97,630,55.9,41.6,0.69,66.0,62,163.2
Compressor,Afternoon,No,4.8,1106,88.2,87.1,3.03,46.2,63,291.7
Conveyor,Afternoon,Yes,15.39,867,67.4,45.9,0.9,60.9,28,211.4
CNC,Morning,No,5.61,905,83.0,69.4,1.7,42.9,41,241.7
CNC,Afternoon,No,14.9,904,64.4,63.8,6.24,20.0,115,343.7
Pump,Morning,Yes,16.79,454,59.1,49.8,0.61,63.0,71,227.5
CNC,Morning,Yes,14.49,879,75.1,70.0,1.81,32.0,94,337.4
CNC,Night,No,13.29,754,95.0,53.4,0.72,90.0,34,314.6
Compressor,Night,No,23.97,1118,84.7,127.4,4.74,57.9,20,435.2
Pump,Morning,No,4.36,859,60.5,50.4,2.34,29.2,28,200.5
Pump,Morning,Yes,4.61,372,72.6,49.7,0.81,73.9,32,171.9
CNC,Morning,No,20.41,688,51.1,51.0,1.79,53.6,78,270.3
Conveyor,Morning,No,1.52,709,64.5,43.5,1.37,36.3,6,212.2
Pump,Morning,No,1.76,662,99.8,52.4,1.94,38.1,113,182.4
Pump,Morning,No,11.65,604,64.6,47.8,3.28,63.9,24,241.1
Pump,Night,No,9.17,1011,67.7,64.7,2.71,33.6,28,260.2
Compressor,Afternoon,No,4.06,817,100.0,78.1,1.68,32.1,101,291.7
Pump,Morning,Yes,13.19,801,63.0,57.2,1.91,81.9,40,301.5
Compressor,Night,No,17.69,835,91.7,95.3,4.89,54.4,117,357.3
Pump,Night,No,8.27,743,57.4,59.6,1.97,40.6,97,250.9
Compressor,Afternoon,Yes,18.76,981,100.0,66.8,1.57,46.1,89,373.0
Pump,Afternoon,No,13.87,808,50.1,57.3,1.12,35.5,69,245.4
Compressor,Afternoon,No,17.79,1296,93.0,76.8,8.64,36.4,90,395.2
Pump,Afternoon,No,5.93,674,70.6,68.8,1.01,50.5,34,237.5
Conveyor,Night,No,11.91,840,55.4,48.5,1.83,33.0,65,268.9
Pump,Night,No,7.53,867,59.2,63.6,0.71,37.2,13,220.1
CNC,Afternoon,No,1.76,1080,62.4,65.8,0.64,0.0,96,225.6
CNC,Afternoon,No,4.67,858,78.4,63.4,2.61,66.6,119,266.6
CNC,Night,No,5.99,1081,71.6,63.0,2.59,56.1,29,241.0
Compressor,Morning,No,5.45,741,77.7,70.5,3.2,54.3,113,247.2
CNC,Night,No,11.11,744,56.7,71.5,1.87,42.2,34,286.1
Pump,Afternoon,Yes,14.46,854,44.3,58.2,2.43,3.5,47,244.1
Pump,Night,No,22.11,775,53.5,62.0,1.73,62.3,62,313.0
CNC,Night,No,2.88,859,60.4,84.4,3.14,68.9,79,265.6
Conveyor,Night,Yes,6.13,953,48.8,47.0,2.48,43.1,111,224.6
Conveyor,Night,No,10.57,452,43.9,52.1,1.34,49.1,30,217.0
Compressor,Afternoon,No,13.88,1323,83.8,80.7,4.52,47.3,55,356.1
Conveyor,Morning,No,22.01,707,41.6,48.3,2.3,34.1,88,268.9
CNC,Morning,No,22.83,781,93.8,65.1,4.48,30.4,15,316.0
CNC,Night,No,2.42,978,59.7,76.1,0.56,48.3,93,270.7
Pump,Afternoon,No,17.4,695,74.9,52.7,0.75,30.3,39,269.6
CNC,Afternoon,No,11.47,481,77.3,73.3,6.37,50.3,16,288.8
CNC,Afternoon,No,2.06,703,92.6,75.2,3.06,48.5,13,263.0
Conveyor,Afternoon,No,22.11,758,36.0,49.7,2.01,38.9,18,230.0
CNC,Afternoon,No,13.6,962,86.9,60.6,1.82,51.4,110,319.3
Pump,Night,No,23.3,846,58.6,51.1,3.17,31.6,46,292.8
CNC,Afternoon,No,10.63,920,64.0,67.8,0.48,72.9,45,252.1
Compressor,Morning,No,2.13,1257,74.9,75.4,1.97,83.5,48,258.4
Pump,Night,Yes,2.15,714,49.5,49.5,3.72,31.2,20,148.9
CNC,Night,No,18.52,733,83.5,72.9,2.63,38.3,12,284.0
CNC,Afternoon,No,17.57,1094,80.0,71.8,2.9,21.6,64,312.8
CNC,Afternoon,No,7.36,737,75.6,60.2,2.98,24.9,44,236.0
Conveyor,Afternoon,No,2.31,627,60.3,48.1,4.31,30.6,34,171.6
Pump,Morning,No,3.46,707,61.8,48.6,2.48,60.4,37,204.5
CNC,Afternoon,No,1.67,1317,67.5,70.5,1.72,41.0,79,228.5
Conveyor,Night,No,2.2,551,50.3,46.7,1.22,37.0,10,140.5
Compressor,Afternoon,Yes,5.17,1149,60.1,81.4,4.25,67.8,39,273.9
Compressor,Afternoon,Yes,13.84,1328,91.0,78.4,3.18,68.2,35,358.1
Pump,Morning,No,20.74,819,44.4,38.0,2.19,49.1,92,261.5
Compressor,Afternoon,No,2.02,1423,95.3,106.0,6.15,23.6,64,300.0
Pump,Morning,No,15.74,829,53.6,42.8,1.05,29.6,109,220.9
Compressor,Afternoon,No,14.27,1355,97.8,97.3,3.12,52.9,92,410.3
CNC,Morning,No,12.03,1295,77.8,69.4,0.81,70.6,8,285.6
Pump,Morning,No,3.84,579,70.0,49.4,0.78,41.6,84,207.4
CNC,Afternoon,No,10.74,1053,66.7,60.4,3.81,56.4,66,319.6
Conveyor,Night,No,2.15,800,51.3,43.8,7.45,85.2,17,245.1
Pump,Afternoon,No,7.85,442,65.9,60.6,2.07,26.8,28,219.8
Compressor,Morning,No,23.51,1511,98.1,73.5,0.97,68.8,2,365.7
Compressor,Morning,No,5.89,1393,80.7,81.4,5.32,36.0,108,372.8
Conveyor,Night,No,13.51,404,55.7,49.9,4.17,41.9,71,246.6
Pump,Night,Yes,10.32,939,59.4,64.3,0.3,58.3,106,232.7
Conveyor,Night,Yes,14.81,613,43.0,54.8,0.85,19.5,46,228.4
Conveyor,Morning,No,5.71,759,31.9,52.7,1.89,42.2,76,150.8
Conveyor,Night,No,10.93,738,57.8,51.2,1.84,17.8,103,261.0
Compressor,Morning,Yes,5.68,920,100.0,82.4,4.32,59.7,10,269.7
Pump,Afternoon,No,9.76,796,50.6,51.4,2.06,45.7,7,207.6
CNC,Morning,No,2.29,989,61.1,57.9,0.87,65.1,6,177.0
Compressor,Morning,Yes,2.74,949,100.0,73.0,1.15,34.3,69,274.3
CNC,Night,Yes,7.87,1128,87.5,66.9,2.86,25.2,114,335.2
Compressor,Morning,No,1.4,886,100.0,76.1,7.47,20.6,114,314.2
Pump,Night,No,4.53,950,64.6,60.3,1.36,43.5,8,207.4
CNC,Morning,No,23.48,1309,79.3,75.1,0.18,58.5,90,392.4
Conveyor,Morning,Yes,19.21,633,44.8,39.2,5.29,25.6,76,235.9
CNC,Afternoon,No,19.07,921,100.0,65.7,5.3,83.5,19,338.8
CNC,Night,No,2.52,884,68.2,77.4,1.78,46.1,93,233.5
CNC,Night,No,22.27,890,61.8,90.5,4.05,36.6,103,322.8
Pump,Night,Yes,18.74,629,70.7,57.1,5.63,46.3,107,275.4
Compressor,Morning,Yes,5.62,1175,84.3,86.6,1.19,38.6,9,263.7
Conveyor,Night,No,7.45,548,45.6,55.6,1.85,38.6,77,242.5
Pump,Night,No,14.55,766,77.6,60.0,0.89,39.4,99,331.2
Conveyor,Night,No,9.36,521,46.3,60.5,2.15,86.6,62,231.1
Compressor,Night,No,3.97,1190,100.0,83.3,5.65,44.9,43,337.8
Pump,Afternoon,Yes,15.4,680,65.3,66.5,1.04,31.9,57,285.7
Compressor,Morning,Yes,4.08,943,71.0,80.5,6.18,31.2,6,243.3
Compressor,Afternoon,No,8.63,940,92.6,75.2,3.44,60.6,72,344.6
CNC,Afternoon,No,21.96,1045,70.3,72.3,3.28,39.4,3,342.7
Conveyor,Night,No,22.19,452,48.1,36.5,3.49,62.3,93,237.4
CNC,Night,Yes,1.89,1030,77.4,88.2,2.08,65.0,33,237.2
CNC,Night,No,13.38,945,46.8,61.7,4.0,33.3,81,264.4
Compressor,Morning,No,8.1,1363,92.1,44.0,7.63,37.4,18,316.8
Pump,Morning,No,2.13,827,71.5,54.9,0.41,53.0,3,150.3
Compressor,Afternoon,No,13.85,901,98.5,69.5,1.61,39.3,102,316.4
Pump,Night,No,13.29,818,54.6,68.1,1.57,29.4,90,242.4
Conveyor,Night,No,1.57,634,62.6,38.2,2.24,20.5,100,192.6
Pump,Night,Yes,17.53,690,64.9,51.2,1.88,58.0,65,319.2
CNC,Morning,Yes,10.92,700,82.9,72.9,1.46,32.6,113,297.1
CNC,Morning,No,23.96,1250,76.1,64.9,0.75,61.4,46,339.5
CNC,Morning,No,5.53,1129,97.5,77.4,1.73,35.7,58,303.9
Conveyor,Morning,Yes,12.85,563,70.6,48.0,1.39,53.3,22,262.5
Compressor,Morning,No,19.66,1245,60.4,82.7,9.41,84.4,36,380.9
CNC,Night,No,8.7,987,54.6,84.3,6.88,64.4,42,293.2
CNC,Morning,Yes,4.44,834,71.0,55.2,0.33,49.6,63,215.0
Compressor,Morning,No,16.89,1059,82.0,62.2,3.95,20.6,68,348.6
Compressor,Morning,No,21.18,979,100.0,79.3,3.15,100.4,91,420.4
Pump,Night,No,16.55,639,59.6,62.2,2.76,100.0,70,293.4
Conveyor,Morning,No,19.59,560,48.6,43.1,1.97,30.6,76,264.8
Pump,Afternoon,Yes,12.57,886,41.5,53.7,3.28,32.5,7,223.2
Compressor,Night,No,12.59,853,92.9,90.5,2.37,79.2,87,313.6
CNC,Afternoon,No,11.21,1140,84.3,89.7,2.5,43.1,67,289.1
Compressor,Afternoon,No,22.39,1283,100.0,98.0,2.99,25.1,15,356.8
CNC,Night,Yes,3.53,1403,56.6,70.7,6.7,21.0,90,266.4
CNC,Afternoon,No,4.17,1057,76.9,51.6,2.19,79.4,53,261.7
Pump,Morning,No,10.45,722,81.3,47.6,1.39,24.5,64,207.0
Compressor,Night,No,10.04,1003,100.0,99.6,1.32,80.3,78,331.4
Conveyor,Afternoon,No,23.88,493,58.5,44.4,2.33,53.2,70,270.1
Pump,Afternoon,Yes,11.95,696,71.9,48.6,1.64,28.5,72,230.9
Pump,Afternoon,No,16.5,921,47.6,45.7,3.37,117.1,102,300.5
Compressor,Morning,No,20.37,1099,71.7,76.4,5.56,36.4,107,369.9
CNC,Morning,No,1.89,978,69.3,64.2,5.29,37.1,84,231.4
Compressor,Night,No,12.23,1084,74.2,103.9,6.72,62.4,80,348.8
Compressor,Afternoon,No,16.27,537,57.6,95.3,4.81,12.7,35,295.8
CNC,Morning,No,4.17,1424,70.0,66.1,2.42,35.0,94,279.7
Pump,Morning,No,14.52,593,72.8,61.6,3.35,74.0,54,253.9
Pump,Morning,No,22.78,966,65.9,35.2,1.3,78.6,83,280.0
Compressor,Morning,No,14.02,1300,88.8,83.5,2.27,71.6,48,335.3
Pump,Afternoon,No,16.28,713,70.1,55.0,2.33,73.8,101,319.5
Pump,Afternoon,No,12.47,524,60.4,51.5,1.63,54.4,35,227.8
CNC,Morning,No,4.15,556,61.8,81.0,2.31,32.9,2,222.4
CNC,Night,No,5.26,1186,81.4,73.7,2.7,45.3,119,261.9
Compressor,Morning,No,2.56,1076,90.0,60.9,5.35,67.6,52,279.4
Pump,Night,No,21.46,592,65.2,54.3,2.96,63.2,56,325.9
Compressor,Night,Yes,7.47,809,90.3,101.8,4.51,107.0,20,312.5
Pump,Afternoon,No,3.13,754,45.2,56.8,3.51,48.2,7,187.6
Compressor,Night,No,2.98,1068,100.0,100.0,3.18,62.1,45,296.8
Compressor,Night,Yes,2.47,953,70.6,71.5,3.02,14.9,86,271.1
Pump,Night,Yes,13.2,999,66.9,52.1,2.6,10.2,100,242.3
Conveyor,Afternoon,No,1.54,755,50.8,46.2,0.47,56.5,28,172.6
CNC,Afternoon,Yes,10.32,772,66.9,66.1,1.53,39.2,14,273.1
CNC,Morning,No,14.91,1087,74.3,78.4,1.94,24.4,85,309.6
Compressor,Night,No,6.05,1300,94.7,95.1,2.26,31.1,93,338.2
CNC,Morning,No,14.62,1251,71.1,67.8,3.38,33.9,104,275.8
Pump,Night,No,19.15,833,55.7,60.6,6.45,28.5,19,334.8
CNC,Afternoon,No,9.86,1130,82.1,60.7,1.41,35.4,59,301.8
Conveyor,Night,No,11.98,850,40.5,36.0,1.47,12.2,39,192.5
CNC,Afternoon,No,6.88,1062,38.3,61.2,1.63,39.3,117,223.8
Pump,Afternoon,No,17.06,738,52.7,57.0,1.65,0.0,65,257.4
Conveyor,Morning,Yes,14.03,425,54.5,35.3,0.73,53.1,92,172.9
Pump,Morning,No,6.8,990,73.0,58.8,1.43,59.6,13,289.2
Conveyor,Night,No,17.66,428,56.7,55.8,2.79,61.7,115,310.5
Compressor,Afternoon,No,4.56,1338,100.0,91.9,6.13,64.4,99,343.1
Conveyor,Morning,No,11.83,708,61.2,41.4,2.07,34.2,65,222.5
Pump,Afternoon,No,12.88,894,43.8,47.3,2.43,73.3,10,233.8
Compressor,Night,No,13.32,1417,65.7,105.3,3.27,31.5,81,392.0
CNC,Night,No,4.42,649,63.4,71.4,1.19,63.7,77,243.9
Compressor,Afternoon,No,8.79,1126,100.0,95.7,0.79,54.0,25,358.3
CNC,Afternoon,No,22.0,945,64.4,78.9,2.93,53.7,68,330.4
Compressor,Night,Yes,6.96,1571,97.3,85.3,9.9,53.3,11,361.2
Conveyor,Morning,No,9.45,394,42.5,43.3,1.23,41.3,101,202.3
Conveyor,Morning,No,9.31,497,52.2,50.9,0.75,44.6,95,227.8
Compressor,Afternoon,Yes,8.29,1115,92.3,80.4,1.75,62.9,87,328.8
Compressor,Morning,Yes,3.7,1175,100.0,82.8,6.18,54.9,56,317.6
CNC,Morning,No,12.12,1264,75.4,59.7,2.63,90.4,114,325.4
Pump,Afternoon,Yes,1.6,578,66.6,49.2,0.33,31.4,100,144.9
Compressor,Morning,No,15.15,835,100.0,84.9,0.63,10.8,105,346.7
CNC,Morning,No,8.01,871,50.6,62.9,2.14,47.4,76,222.9
Pump,Afternoon,No,22.6,781,70.3,44.1,2.8,43.4,51,325.1
CNC,Morning,No,9.45,593,99.3,77.1,0.83,29.5,119,284.8
CNC,Night,No,7.39,839,55.4,72.3,2.87,57.1,97,283.0
CNC,Night,Yes,19.42,1031,66.4,62.0,2.86,15.3,14,295.1
CNC,Morning,Yes,5.85,1192,96.8,63.6,2.77,47.5,68,238.8
Compressor,Afternoon,No,23.15,743,80.8,76.1,7.22,39.6,118,358.1
Conveyor,Morning,No,1.69,884,53.5,42.8,1.05,58.8,84,214.0
Compressor,Morning,No,7.36,1054,83.2,89.5,0.71,39.6,38,308.2
Conveyor,Morning,No,17.89,532,51.7,53.2,1.9,40.6,28,198.7
Pump,Morning,No,1.15,889,60.9,54.3,2.41,50.6,13,185.6
Compressor,Morning,Yes,11.03,1520,63.2,73.3,3.93,33.4,63,319.8
Pump,Afternoon,Yes,22.5,641,51.0,53.1,1.2,72.3,61,295.9
Pump,Morning,No,14.38,829,65.6,54.0,0.59,52.6,110,286.2
CNC,Morning,No,11.32,720,56.2,66.6,2.49,40.9,81,262.0
Compressor,Night,No,15.98,560,90.1,87.0,6.61,58.7,55,332.0
CNC,Morning,Yes,8.32,1140,51.5,72.9,0.65,57.5,9,253.5
Pump,Morning,No,10.52,843,66.1,50.4,2.1,61.9,88,232.6
Conveyor,Morning,No,12.21,726,53.2,47.4,0.46,46.0,38,199.6
Pump,Night,No,4.29,697,55.9,62.6,3.52,59.4,40,237.5
Conveyor,Morning,No,5.27,609,53.4,63.3,2.5,4.9,102,255.0
Conveyor,Morning,Yes,23.37,411,81.2,46.0,0.93,40.4,103,255.9
Pump,Night,No,1.8,923,52.3,59.7,3.01,30.5,66,242.4
CNC,Night,No,5.46,1032,58.9,75.3,5.42,84.0,100,255.7
CNC,Morning,No,18.11,874,48.0,71.2,4.45,69.7,1,256.7
Pump,Morning,No,8.89,807,58.6,55.7,1.94,36.1,67,251.7
Pump,Morning,No,23.77,879,82.4,53.6,1.63,46.9,112,279.3
Compressor,Night,No,1.68,1173,75.8,80.8,2.18,65.3,9,333.4
Compressor,Afternoon,No,10.12,1227,90.2,83.5,2.37,10.7,24,274.4
CNC,Afternoon,No,1.97,866,88.5,70.0,5.05,56.6,16,284.5
Pump,Night,No,13.89,821,61.7,61.2,1.67,42.3,71,264.4
CNC,Afternoon,No,3.42,1521,61.3,68.5,1.94,34.4,44,252.9
CNC,Afternoon,Yes,14.85,831,59.7,67.2,5.34,23.7,59,261.6
Conveyor,Night,No,16.65,787,47.1,50.4,1.0,33.2,89,235.1
CNC,Morning,No,10.04,1242,65.2,66.5,1.71,32.1,13,232.1
CNC,Morning,No,10.74,677,55.2,50.0,3.7,47.2,2,218.5
Compressor,Afternoon,No,18.99,1242,87.8,69.4,4.67,99.4,119,362.0
CNC,Afternoon,No,4.7,842,75.1,71.9,5.5,60.2,81,257.5
Conveyor,Afternoon,No,23.3,596,56.5,45.8,0.58,44.9,13,282.1
Compressor,Night,No,13.99,1337,100.0,98.6,1.05,47.1,79,378.9
Compressor,Afternoon,No,21.74,1344,79.3,84.6,4.03,33.2,35,354.4
Compressor,Morning,No,23.18,1544,100.0,78.4,2.65,69.5,109,411.2
Pump,Afternoon,No,14.38,865,79.5,53.3,0.89,45.3,19,241.4
CNC,Morning,No,11.91,1046,77.4,56.8,1.71,50.8,92,240.4
Pump,Night,No,2.87,810,47.6,55.5,1.68,78.1,58,194.9
CNC,Afternoon,Yes,4.47,818,62.8,77.3,3.96,40.1,68,266.1
Compressor,Afternoon,No,23.23,983,86.2,79.3,1.64,58.5,85,383.8
Pump,Afternoon,No,2.43,819,83.6,60.2,3.04,20.4,22,226.9
Compressor,Night,No,11.74,702,100.0,106.6,5.95,36.4,88,352.4
Conveyor,Morning,No,17.91,700,51.2,57.4,1.09,26.6,108,187.8
Pump,Afternoon,No,12.26,718,53.4,40.7,1.45,36.4,55,191.5
Conveyor,Afternoon,Yes,1.44,593,47.2,59.0,0.94,60.7,16,167.5
CNC,Morning,No,15.66,877,99.9,62.9,4.53,74.6,59,341.2
Pump,Morning,No,3.83,884,56.9,46.8,4.79,32.4,109,229.7
Compressor,Morning,Yes,12.23,525,100.0,88.2,3.98,52.9,100,348.4
Compressor,Afternoon,No,5.59,1205,71.6,84.6,6.69,19.9,8,292.5
Compressor,Afternoon,Yes,9.48,1165,100.0,74.4,1.67,34.8,64,352.9
Compressor,Night,No,23.67,755,100.0,102.6,5.34,37.5,88,445.1
CNC,Night,No,1.1,898,68.2,78.9,2.62,18.3,12,230.1
CNC,Night,No,4.43,763,56.6,79.0,1.04,38.7,8,195.1
CNC,Afternoon,Yes,2.52,771,77.7,83.7,1.89,50.5,8,172.8
Pump,Night,No,23.0,889,57.6,68.6,2.72,59.2,25,317.8
CNC,Morning,No,13.97,587,60.1,69.2,1.14,51.5,74,278.8
CNC,Morning,No,13.92,624,73.0,62.3,4.62,58.8,107,314.1
Compressor,Morning,No,3.77,1463,100.0,87.1,1.96,100.8,30,332.4
CNC,Morning,Yes,2.65,529,74.0,64.6,2.99,58.6,73,188.7
CNC,Morning,No,11.32,821,59.9,78.4,2.95,56.4,119,263.1
Compressor,Night,No,22.62,1471,100.0,67.8,1.35,77.0,90,419.2
Pump,Morning,Yes,21.38,767,43.8,42.1,2.81,33.4,82,299.9
Compressor,Night,No,3.66,1161,99.6,92.1,0.98,32.3,94,364.0
CNC,Afternoon,No,5.96,1178,84.6,67.6,1.72,33.9,23,249.9
Pump,Night,Yes,7.41,876,62.4,59.0,4.89,35.0,10,254.3
Compressor,Morning,No,15.73,1388,92.9,74.8,4.92,65.0,74,365.1
Compressor,Afternoon,No,19.48,922,76.5,105.6,3.37,32.8,63,418.4
Pump,Afternoon,No,11.03,620,32.3,57.8,0.5,54.4,41,180.6
Conveyor,Afternoon,No,6.81,639,60.6,45.2,0.97,35.3,56,196.1
Pump,Afternoon,No,10.38,1148,56.8,49.6,3.95,49.0,1,245.9
Compressor,Afternoon,No,10.85,912,100.0,88.5,3.17,63.9,118,340.0
CNC,Morning,No,2.83,912,88.6,66.8,3.68,56.3,71,259.6
CNC,Night,No,1.08,998,79.0,73.3,4.16,45.6,54,250.7
CNC,Morning,Yes,8.25,955,77.5,63.2,7.93,43.9,46,243.9
CNC,Morning,Yes,23.29,818,56.7,79.3,1.01,23.7,7,250.8
CNC,Morning,No,11.49,1007,71.0,68.0,4.08,62.4,8,329.5
Compressor,Night,No,4.35,1003,83.4,88.7,5.58,49.0,66,308.0
CNC,Afternoon,No,1.21,988,69.1,68.9,1.33,91.1,67,235.9
Pump,Afternoon,Yes,18.55,598,91.3,54.6,1.43,59.0,113,303.2
Conveyor,Night,No,1.56,609,37.0,57.8,0.47,63.6,41,146.6
Pump,Afternoon,No,14.06,775,73.4,55.3,1.86,43.1,4,268.1
CNC,Afternoon,No,23.0,610,70.4,72.0,2.74,40.1,89,324.4
Conveyor,Afternoon,No,23.52,519,41.1,45.2,2.05,33.8,13,235.3
CNC,Afternoon,No,9.8,1290,69.1,76.2,2.17,56.7,61,311.9
Conveyor,Morning,No,5.49,631,40.7,28.7,1.15,28.6,115,128.5
Conveyor,Night,No,4.88,699,48.0,59.1,0.28,20.5,69,183.7
CNC,Night,No,16.28,1166,44.2,62.4,1.76,24.9,45,262.1
CNC,Morning,No,7.89,1057,61.2,64.0,4.23,69.3,68,263.6
Compressor,Night,No,2.93,991,97.4,111.5,2.48,47.9,35,325.2
Pump,Night,No,16.92,837,45.6,40.5,1.19,32.0,4,272.6
CNC,Morning,No,4.51,1099,65.8,62.5,4.07,44.0,51,258.0
Pump,Night,No,15.85,857,70.8,69.7,2.51,29.2,22,279.0
CNC,Afternoon,Yes,15.78,730,88.3,69.6,1.32,43.0,57,276.4
CNC,Morning,No,8.36,816,73.5,72.7,0.27,26.9,23,275.9
Compressor,Afternoon,No,21.71,879,87.9,86.7,1.15,32.8,17,350.2
Conveyor,Morning,Yes,5.43,547,38.9,51.9,1.89,90.8,31,178.5
CNC,Night,Yes,17.82,628,75.3,87.4,5.19,33.7,119,280.8
CNC,Afternoon,No,1.55,832,94.0,65.2,1.41,70.1,77,259.4
Pump,Afternoon,No,1.77,1149,63.7,54.3,1.98,40.3,57,260.8
Conveyor,Night,No,19.19,678,49.8,38.0,2.13,87.4,42,261.4
CNC,Night,Yes,12.44,1084,47.1,73.2,1.73,44.0,80,244.9
Compressor,Night,No,5.01,1040,81.5,91.9,3.92,34.0,46,340.7
Pump,Night,No,11.61,572,57.2,57.9,1.59,37.0,88,213.4
Pump,Afternoon,No,10.79,767,64.6,55.5,2.66,22.6,88,252.3
CNC,Morning,Yes,1.0,470,70.2,64.3,1.4,48.7,67,172.3
Conveyor,Afternoon,No,17.2,577,52.6,46.0,0.31,46.7,14,214.9
Pump,Morning,Yes,4.17,815,50.5,46.0,1.88,29.5,40,181.5
CNC,Afternoon,No,21.56,1278,91.2,57.3,1.35,40.1,73,376.6
Compressor,Morning,No,11.67,1052,79.3,77.6,2.3,51.0,16,317.1
CNC,Afternoon,No,14.88,1324,61.0,70.6,2.41,0.0,60,289.5
Compressor,Morning,Yes,3.32,961,100.0,62.9,6.27,42.1,100,344.4
CNC,Morning,No,1.74,1179,75.2,64.3,3.21,40.5,112,245.1
Pump,Night,Yes,9.46,600,64.3,63.3,1.35,46.6,105,241.4
Compressor,Afternoon,No,15.37,1092,100.0,90.0,1.7,86.0,57,331.5
Pump,Afternoon,Yes,4.45,732,65.4,62.3,1.36,31.1,99,207.0
Pump,Night,No,8.09,743,41.8,54.9,1.06,47.4,66,223.6
Pump,Morning,No,8.44,613,67.8,51.1,0.79,39.0,78,221.5
Compressor,Night,No,16.84,1180,55.2,87.4,3.44,69.9,46,333.1
Conveyor,Afternoon,Yes,7.93,489,61.2,59.1,2.37,67.6,62,225.8
Conveyor,Afternoon,No,7.34,632,53.6,39.0,2.35,38.5,32,233.5
CNC,Morning,No,8.77,977,90.5,62.3,1.56,35.6,23,264.8
Compressor,Afternoon,No,16.96,1413,99.3,94.3,2.78,35.4,83,374.4
Pump,Afternoon,No,15.31,676,61.4,38.4,1.4,43.0,3,247.6
CNC,Night,No,3.54,940,93.4,73.5,2.08,82.0,59,304.2
Compressor,Afternoon,No,22.25,821,70.9,72.6,2.31,53.6,39,310.2
Conveyor,Morning,No,8.7,792,42.9,51.2,1.09,25.0,21,214.1
Compressor,Afternoon,No,20.87,1462,85.3,97.5,1.49,51.3,110,408.8
CNC,Night,Yes,15.38,829,82.3,46.0,1.61,69.6,51,282.1
Conveyor,Night,No,9.55,796,73.0,47.0,0.33,73.5,30,225.6
Compressor,Afternoon,No,9.27,1294,61.5,88.9,8.74,36.7,48,322.5
Pump,Morning,Yes,13.97,822,72.2,62.0,1.18,58.6,6,248.8
Compressor,Night,No,22.6,1564,82.9,85.4,1.97,15.0,67,382.6
Compressor,Afternoon,Yes,22.78,710,96.0,88.6,1.95,21.6,72,324.6
Compressor,Afternoon,No,19.82,1005,79.0,112.5,2.45,18.5,66,384.2
Pump,Night,No,12.52,821,53.0,63.0,0.72,40.8,72,261.8
CNC,Morning,No,16.15,1063,64.1,49.7,3.96,43.8,2,307.8
Compressor,Afternoon,No,7.26,1185,96.2,93.9,2.67,69.1,59,337.3
Compressor,Morning,No,2.52,1222,100.0,59.8,3.7,61.5,112,335.9
Compressor,Morning,No,8.92,1161,80.2,77.4,3.71,57.7,20,304.2
Conveyor,Morning,No,2.64,816,41.4,51.6,1.05,36.9,79,182.4
Conveyor,Morning,No,22.82,686,40.4,56.1,0.93,47.5,59,257.1
Compressor,Afternoon,Yes,1.6,1297,59.0,92.3,1.58,64.9,66,245.0
Compressor,Morning,No,4.14,1140,84.0,68.3,4.9,26.5,78,339.2
Compressor,Night,No,8.94,1212,94.8,102.9,2.33,68.7,53,375.5
